step,seed,wilayah,budget,raw_action,allocation,allocation_share,kebutuhan,mustahik_weight,eligible,upper_cap,benefit,lbr_before,lbr_after
1,1001,Bandung Kulon,496489926.49743235,-0.01312616840004921,38320724.57453533,0.07718328717135312,0.9865157591163988,0.05522470300548071,1,97288652.71159296,0.0008429501099199549,0.019138981425375404,0.01877983332615793
1,1001,Babakan Ciparay,496489926.49743235,-0.8334672451019287,39068890.899997644,0.07869019856176213,0.884921166651686,0.05670478784413065,1,99188097.32326348,0.0008645565694905057,0.0191389814327839,0.018777897801602654
1,1001,Bojongloa Kaler,496489926.49743235,-0.09359746426343918,22422657.32029601,0.04516236105429213,0.759288595207603,0.04609972701695733,1,56926640.74402585,0.0007281609442075266,0.019138981280253226,0.018837128461408562
1,1001,Bojongloa Kidul,496489926.49743235,0.009784720838069916,11525958.594474392,0.023214889123302277,0.39074725511157526,0.03491907720990219,1,28402020.747646414,0.0005502271332653242,0.019138981003414855,0.01882470762472873
1,1001,Astanaanyar,496489926.49743235,-0.7099112868309021,5832347.633096199,0.01174716207082272,0.29526595819288676,0.02672142505127543,1,14807163.73892984,0.0004186094910164309,0.019138980645277748,0.01882347380296996
1,1001,Regol,496489926.49743235,0.30952122807502747,17935131.279237535,0.03612385734744667,0.3334758507533265,0.030542425773300807,1,18326632.15949979,0.0011934203612569017,0.019138980779388016,0.020871283202074598
1,1001,Lengkong,496489926.49743235,-0.42945998907089233,5285101.531893476,0.010644932051649203,0.26971945662242996,0.02605245189031401,1,13417815.377728334,0.00040200060569307687,0.019138980579478486,0.018798165304273914
1,1001,Bandung Kidul,496489926.49743235,0.47360971570014954,11296626.598768018,0.02275298247934631,0.25603934977020343,0.024317916605553637,1,11296626.598768016,0.0009402326785802211,0.019138980455754587,0.020885828306891927
1,1001,Buahbatu,496489926.49743235,-0.11066180467605591,17751294.56255284,0.03575358454456908,0.6605001384590453,0.042677077478459106,1,45066985.32065355,0.000629718263998027,0.01913898119219885,0.01872148683172933
1,1001,Rancasari,496489926.49743235,-0.09193003922700882,13457783.922067137,0.02710585493044587,0.556939175961024,0.03456093405464315,1,34166620.82458875,0.0005369530193721779,0.01913898107453575,0.018809653648967733
1,1001,Gedebage,496489926.49743235,1.905739188194275,8483102.082105385,0.017086151459206403,0.3267891236733925,0.018668742468292115,1,8483102.082105383,0.0006919870269603408,0.019138980190665872,0.020804582235032162
1,1001,Cibiru,496489926.49743235,0.7235355973243713,18625473.52543931,0.03751430297254103,0.35307793174433044,0.028982378252565714,1,18625473.525439307,0.0011401191927720195,0.019138980783933005,0.020918310183191024
1,1001,Panyileukan ,496489926.49743235,-0.5154995322227478,1864492.1247469462,0.003755347339875159,0.16482576551215036,0.016310422038699632,1,4733572.46821331,0.00024751113678090015,0.01913897963822701,0.018769880843881707
1,1001,Ujung Berung,496489926.49743235,0.9423068761825562,45121894.18458272,0.09088179190845287,0.7623003038706428,0.03806503697335305,1,45121894.18458271,0.0014553924045570836,0.019138981175082895,0.02086457617660635
1,1001,Cinambo,496489926.49743235,-1.57985258102417,653930.6523338569,0.0013171075935963397,0.10053116960278721,0.010789217260898579,1,1660199.0917116024,0.00015788279187957513,0.019138978030741615,0.018706937201473334
1,1001,Arcamanik,496489926.49743235,-1.5923383235931396,12017360.45355369,0.024204641045452984,0.6014470549531488,0.03275512387822711,1,30509673.829412267,0.0004991670606639715,0.019138981019602673,0.01877708711294441
1,1001,Antapani,496489926.49743235,-0.876853883266449,10505839.69235674,0.021160227290958074,0.4506597018011457,0.03406207832488369,1,26672225.03283674,0.0004992922968560176,0.019138980967647854,0.018709927798017015
1,1001,Mandalajati,496489926.49743235,-0.6894850730895996,9755670.31090573,0.01964928146624981,0.49571931030471855,0.031183574824478037,1,24767695.062770467,0.0004613155005277526,0.019138980922143445,0.01872598595954415
1,1001,Kiaracondong,496489926.49743235,-0.474028617143631,25892941.79919494,0.05215199829301842,0.663020816295876,0.05050123655460275,1,65736998.72202667,0.0007687677304048819,0.019138981325408814,0.018775232593091943
1,1001,Batununggal,496489926.49743235,1.9354811906814575,52569459.56841155,0.10588222794220863,0.6305347430597414,0.04707531349509066,1,52569459.56841154,0.001779840817692438,0.019138981252902004,0.02084308059207282
1,1001,Sumur Bandung ,496489926.49743235,-1.8910157680511475,1253814.8599651468,0.0025253581050684835,0.1250740761012632,0.013193551241224222,1,3183185.0736152953,0.00020720253497893512,0.019138979128586822,0.018827616717187187
1,1001,Andir,496489926.49743235,-1.7363133430480957,12464528.156857472,0.02510529920474012,0.48557242913213167,0.038796744150659646,1,31644943.16144028,0.0005888073273406105,0.01913898105800447,0.018770072167398313
1,1001,Cicendo,496489926.49743235,-1.269811987876892,11221922.833477603,0.0226025186707099,0.4917717219108067,0.035698022498804084,1,28490216.85847745,0.000560396293680421,0.01913898100967542,0.01882692212914819
1,1001,Bandung Wetan,496489926.49743235,-1.3062406778335571,615772.6602988063,0.0012402520724697737,0.0815783136482843,0.010440177830148422,1,1563323.5843592002,0.00016299367451953764,0.019138977885664325,0.018817773471096703
1,1001,Cibeunying Kidul,496489926.49743235,1.1322180032730103,45162545.302531086,0.09096366893309896,0.5900629446365974,0.044336094237082777,1,45162545.30253108,0.001671933593860482,0.01913898119881274,0.020838076714186693
1,1001,Cibeunying Kaler,496489926.49743235,-0.33530348539352417,5084769.400412898,0.01024143518134238,0.3011569891337933,0.0274906491791204,1,12909212.17716311,0.00040730232786320117,0.019138980553676452,0.01872863037231155
1,1001,Coblong,496489926.49743235,0.04242914915084839,19586764.41230758,0.03945047697238399,0.5589882544149471,0.0439281214523684,1,45997331.64168851,0.0007231481846394819,0.01913898120646947,0.01888692425466024
1,1001,Sukajadi,496489926.49743235,-1.0465408563613892,13845388.927642379,0.027886545504189557,0.5635965745071874,0.04245305071487306,1,35150672.38403508,0.0006110220842537542,0.019138981102853475,0.018677618788514583
1,1001,Sukasari,496489926.49743235,1.217002511024475,16190186.744309528,0.03260929553702285,0.2527831198749292,0.030885185420808488,1,16190186.744309524,0.0011539728575333456,0.019138980704091212,0.02082014787759549
1,1001,Cidadap,496489926.49743235,-0.6567359566688538,2677551.889080481,0.005392963172424663,0.17959267531013928,0.020207447032198445,1,6797768.537683745,0.0003198865129253738,0.019138980017550853,0.018840756192420552
2,1001,Bandung Kulon,531194639.10039634,-0.017165862023830414,42913559.17458696,0.08078688302890846,0.9944852510791075,0.05696137995215962,1,97288652.71159296,0.0009439797870448593,0.01877983332615793,0.018572541439320297
2,1001,Babakan Ciparay,531194639.10039634,-0.8222243189811707,43751395.10375139,0.08236415031945067,0.8778602328118913,0.05903280790399036,1,99188097.32326348,0.0009681758347873983,0.018777897801602654,0.018554133202785095
2,1001,Bojongloa Kaler,531194639.10039634,-0.1129886731505394,25110068.83219081,0.04727093796487842,0.8491252000752726,0.04600939914951039,1,56926640.74402585,0.0008154328529747459,0.018837128461408562,0.01872896955379827
2,1001,Bojongloa Kidul,531194639.10039634,0.03883097320795059,13864241.042769866,0.02610011476442915,0.3890783654485932,0.03459090909124351,1,28402020.747646414,0.0006618522478052149,0.01882470762472873,0.01883034560240822
2,1001,Astanaanyar,531194639.10039634,-0.707305908203125,6531369.071396814,0.01229562309299281,0.2794117539551633,0.02859361623042052,1,14807163.73892984,0.0004687808845794811,0.01882347380296996,0.01859466242978208
2,1001,Regol,531194639.10039634,0.30396679043769836,18326632.159499787,0.0345007852310724,0.34596459111498995,0.030311430642499824,1,18326632.15949979,0.001219471194935262,0.020871283202074598,0.022394295588972258
2,1001,Lengkong,531194639.10039634,-0.42130717635154724,5918534.157449735,0.011141931265483134,0.285621681219885,0.026230997884323565,1,13417815.377728334,0.0004501813828461211,0.018798165304273914,0.01864414743515994
2,1001,Bandung Kidul,531194639.10039634,0.4618779420852661,11296626.598768014,0.021266454454245614,0.26759327484931317,0.024680342535863153,1,11296626.598768016,0.0009402326785802209,0.020885828306891927,0.02230295655601899
2,1001,Buahbatu,531194639.10039634,-0.11756026744842529,19878831.57464728,0.03742287687299149,0.6128440221658507,0.040552643497174454,1,45066985.32065355,0.0007051915715433778,0.01872148683172933,0.01859454102715828
2,1001,Rancasari,531194639.10039634,-0.10470633953809738,15070732.954830509,0.02837139505088666,0.5330021989149729,0.03405719417911551,1,34166620.82458875,0.0006013081805377239,0.018809653648967733,0.018698097236715356
2,1001,Gedebage,531194639.10039634,1.8987582921981812,8483102.082105381,0.015969856353354628,0.30489017422889975,0.017599697108051354,1,8483102.082105383,0.0006919870269603405,0.020804582235032162,0.022281952532735363
2,1001,Cibiru,531194639.10039634,0.7137274146080017,18625473.525439303,0.03506336878132362,0.3876089512733161,0.029563771349840354,1,18625473.525439307,0.001140119192772019,0.020918310183191024,0.022357729468128563
2,1001,Panyileukan ,531194639.10039634,-0.5142512917518616,2087956.165083803,0.003930680039655252,0.1552423816796813,0.01610393478912365,1,4733572.46821331,0.00027717596503054224,0.018769880843881707,0.01862287299130317
2,1001,Ujung Berung,531194639.10039634,0.9158260822296143,45121894.1845827,0.08494418215703156,0.7372885992655611,0.03930641800880007,1,45121894.18458271,0.001455392404557083,0.02086457617660635,0.022227849309798726
2,1001,Cinambo,531194639.10039634,-1.5669353008270264,732305.8751256793,0.0013786017802549261,0.0987252233735927,0.010065664102881785,1,1660199.0917116024,0.00017680543902020676,0.018706937201473334,0.01859648653385225
2,1001,Arcamanik,531194639.10039634,-1.567211627960205,13457671.13413645,0.025334726941009165,0.5934690102168868,0.03198833692102976,1,30509673.829412267,0.0005589934802548739,0.01877708711294441,0.018652712242446974
2,1001,Antapani,531194639.10039634,-0.8616704940795898,11764990.832565492,0.022148173130079156,0.463857321414087,0.03155066064183133,1,26672225.03283674,0.0005591337263174898,0.018709927798017015,0.018612548926531716
2,1001,Mandalajati,531194639.10039634,-0.6826868057250977,10924911.77614667,0.020566683042299777,0.49524891673397375,0.031223739065337566,1,24767695.062770467,0.0005166053160489323,0.01872598595954415,0.01852125873668787
2,1001,Kiaracondong,531194639.10039634,-0.4652683138847351,28996275.57779188,0.05458691305111526,0.7305148613720707,0.049926111493147164,1,65736998.72202667,0.0008609064639702953,0.018775232593091943,0.01863060033465332
2,1001,Batununggal,531194639.10039634,1.9239786863327026,52569459.56841153,0.09896458981107273,0.5627613908788458,0.045764335226027825,1,52569459.56841154,0.0017798408176924374,0.02084308059207282,0.022299705212137467
2,1001,Sumur Bandung ,531194639.10039634,-1.8626097440719604,1404087.7040943378,0.0026432640707222273,0.12391751790987209,0.013540466844718622,1,3183185.0736152953,0.0002320362765753047,0.018827616717187187,0.018668594111930666
2,1001,Andir,531194639.10039634,-1.7414294481277466,13958433.004110137,0.026277435758292698,0.5311244658977717,0.037446918696085824,1,31644943.16144028,0.000659377356895086,0.018770072167398313,0.01865786046601385
2,1001,Cicendo,531194639.10039634,-1.2729511260986328,12566898.327572374,0.023657803378541287,0.5005403111870017,0.03559889549744416,1,28490216.85847745,0.000627561189854291,0.01882692212914819,0.018711530690217436
2,1001,Bandung Wetan,531194639.10039634,-1.2875770330429077,689574.5523920871,0.0012981579662775114,0.08619224288572838,0.010684509659046736,1,1563323.5843592002,0.00018252887371617135,0.018817773471096703,0.01865482303026355
2,1001,Cibeunying Kidul,531194639.10039634,1.1337205171585083,45162545.30253107,0.08502070988332265,0.5833035351970419,0.043566288227209586,1,45162545.30253108,0.0016719335938604812,0.020838076714186693,0.022270025663167905
2,1001,Cibeunying Kaler,531194639.10039634,-0.3499849736690521,5694191.719400541,0.010719595606318485,0.2959135610906719,0.026630103558852807,1,12909212.17716311,0.00045611852966682693,0.01872863037231155,0.018577818324790853
2,1001,Coblong,531194639.10039634,0.03807499259710312,21599433.791864008,0.040661995061628806,0.5858257052825718,0.042643389120940005,1,45997331.64168851,0.0007974564357353674,0.01888692425466024,0.01885263992199799
2,1001,Sukajadi,531194639.10039634,-1.0398907661437988,15504793.388911456,0.029188535138776193,0.6290363271490362,0.0411820432313077,1,35150672.38403508,0.0006842546079368042,0.018677618788514583,0.018484177049854063
2,1001,Sukasari,531194639.10039634,1.1987091302871704,16190186.744309522,0.030478821796335112,0.24858573897613387,0.02999816899551331,1,16190186.744309524,0.0011539728575333454,0.02082014787759549,0.022256905372999545
2,1001,Cidadap,531194639.10039634,-0.6430824398994446,2998463.1739306203,0.0056447542072500245,0.20205733125915076,0.022016118367813548,1,6797768.537683745,0.0003582257108650134,0.018840756192420552,0.01859798015923532
3,1001,Bandung Kulon,519719341.382676,-0.017855878919363022,41486681.07563217,0.07982516287590882,0.8918430681390948,0.05790209507257986,1,97288652.71159296,0.0009125924094910542,0.018572541439320297,0.01835256680402226
3,1001,Babakan Ciparay,519719341.382676,-0.8111103773117065,42296658.91609838,0.08138365373043681,0.9648390085749331,0.05457104364707541,1,99188097.32326348,0.000935983937373923,0.018554133202785095,0.018454127331474283
3,1001,Bojongloa Kaler,519719341.382676,-0.1017986461520195,24275157.72323022,0.046708205353004385,0.9108399609188155,0.048566089206177714,1,56926640.74402585,0.0007883196677377843,0.01872896955379827,0.018537709286399483
3,1001,Bojongloa Kidul,519719341.382676,0.022104188799858093,12880700.69707956,0.024783954860735757,0.425860436000433,0.03616242944663021,1,28402020.747646414,0.0006148999201160105,0.01883034560240822,0.018689908864125783
3,1001,Astanaanyar,519719341.382676,-0.7117060422897339,6314200.706352749,0.012149250958323527,0.24844236627702537,0.028223728718434888,1,14807163.73892984,0.00045319389551866173,0.01859466242978208,0.018399588231094218
3,1001,Regol,519719341.382676,0.2865140438079834,17786158.529695243,0.03422262192970622,0.32312629068163634,0.032630100793062486,1,18326632.15949979,0.0011835075755734195,0.022394295588972258,0.023495321429211517
3,1001,Lengkong,519719341.382676,-0.43251287937164307,5721742.585517339,0.011009293150982324,0.30224125324912215,0.02776417039560391,1,13417815.377728334,0.0004352128281958998,0.01864414743515994,0.0184097189178093
3,1001,Bandung Kidul,519719341.382676,0.47383207082748413,11296626.598768014,0.021736013458175617,0.2330430469311347,0.024553219589974553,1,11296626.598768016,0.0009402326785802209,0.02230295655601899,0.023534903114572805
3,1001,Buahbatu,519719341.382676,-0.12477844953536987,19217859.37955906,0.036977379614988586,0.4854577398846348,0.042050736478764665,1,45066985.32065355,0.0006817439147105082,0.01859454102715828,0.018413206915799302
3,1001,Rancasari,519719341.382676,-0.0989198163151741,14569630.29166156,0.02803365034077836,0.6503044085711508,0.03644396243667029,1,34166620.82458875,0.0005813146519179929,0.018698097236715356,0.018484285376972706
3,1001,Gedebage,519719341.382676,1.8839648962020874,8483102.082105381,0.01632246754476502,0.2829457098893707,0.017884235962368926,1,8483102.082105383,0.0006919870269603405,0.022281952532735363,0.023533021437987692
3,1001,Cibiru,519719341.382676,0.705946147441864,18625473.525439303,0.035837560857149495,0.4002808049131463,0.02835911336429364,1,18625473.525439307,0.001140119192772019,0.022357729468128563,0.023674654861816868
3,1001,Panyileukan ,519719341.382676,-0.5174935460090637,2018531.5128097963,0.003883887614110412,0.13474168718184368,0.016886424058322552,1,4733572.46821331,0.00026795984961933323,0.01862287299130317,0.018408241430719723
3,1001,Ujung Berung,519719341.382676,0.9164107441902161,45121894.1845827,0.08681973248203374,0.7127610948542653,0.037327262988894584,1,45121894.18458271,0.001455392404557083,0.022227849309798726,0.023493776150617856
3,1001,Cinambo,519719341.382676,-1.5619770288467407,707956.6662730251,0.0013621903398660462,0.10760746063514329,0.010847121814210946,1,1660199.0917116024,0.000170926648876335,0.01859648653385225,0.018374060728371572
3,1001,Arcamanik,519719341.382676,-1.5587852001190186,13010202.86132055,0.02503313197216759,0.613820505782516,0.03273558648039155,1,30509673.829412267,0.0005404069176444592,0.018652712242446974,0.018492004866750077
3,1001,Antapani,519719341.382676,-0.8590120077133179,11373804.268778147,0.021884512203296028,0.4608299507059401,0.032014538828312636,1,26672225.03283674,0.0005405425005181191,0.018612548926531716,0.01848649665561165
3,1001,Mandalajati,519719341.382676,-0.6859395503997803,10561657.885156704,0.020321848821439226,0.44932421614564827,0.030342543401662325,1,24767695.062770467,0.0004994281621271396,0.01852125873668787,0.01836744130190917
3,1001,Kiaracondong,519719341.382676,-0.4590373933315277,28032147.89020287,0.053937088074546835,0.8795459122643005,0.05329451441602965,1,65736998.72202667,0.0008322812787767243,0.01863060033465332,0.01839189467731232
3,1001,Batununggal,519719341.382676,1.9164265394210815,52569459.56841153,0.10114970789533108,0.5757053967436516,0.04728890636256712,1,52569459.56841154,0.0017798408176924374,0.022299705212137467,0.023500333541259067
3,1001,Sumur Bandung ,519719341.382676,-1.860506534576416,1357401.7141061116,0.002611797572310551,0.09973525899504589,0.013203179946453049,1,3183185.0736152953,0.00022432105817868229,0.018668594111930666,0.018546614172693883
3,1001,Andir,519719341.382676,-1.7260701656341553,13494314.372787498,0.02596461839747361,0.5668103262349641,0.03931059061997207,1,31644943.16144028,0.0006374530251081888,0.01865786046601385,0.01847135308110393
3,1001,Cicendo,519719341.382676,-1.2683827877044678,12149048.297411663,0.023376171194802935,0.41753469678197047,0.035356487897575346,1,28490216.85847745,0.0006066947472943978,0.018711530690217436,0.018599753818058142
3,1001,Bandung Wetan,519719341.382676,-1.2830147743225098,666646.1622671427,0.001282704162007091,0.08412377794893759,0.010931902068758404,1,1563323.5843592002,0.00017645977906771996,0.01865482303026355,0.018462019937199554
3,1001,Cibeunying Kidul,519719341.382676,1.1308501958847046,45162545.30253107,0.08689794992501022,0.5845313088212817,0.044800332976721674,1,45162545.30253108,0.0016719335938604812,0.022270025663167905,0.023455944248449972
3,1001,Cibeunying Kaler,519719341.382676,-0.3439810276031494,5504859.545329232,0.01059198514853026,0.26469676996250247,0.02764871905026366,1,12909212.17716311,0.00044095256457264134,0.018577818324790853,0.018374463228763793
3,1001,Coblong,519719341.382676,0.03856383264064789,20956669.98603518,0.040323051919294486,0.5990547039422024,0.04272327086021152,1,45997331.64168851,0.0007737254371103464,0.01885263992199799,0.018800199026423343
3,1001,Sukajadi,519719341.382676,-1.042498230934143,14989258.193486368,0.028841062858289097,0.5783531881041071,0.04020091228383074,1,35150672.38403508,0.0006615031062447212,0.018484177049854063,0.01833305173171864
3,1001,Sukasari,519719341.382676,1.1909652948379517,16190186.744309522,0.031151788003957466,0.27620875105174303,0.030467066775324562,1,16190186.744309524,0.0011539728575333454,0.022256905372999545,0.023470225908707683
3,1001,Cidadap,519719341.382676,-0.6417493224143982,2898764.115737896,0.00557755674057837,0.2144012714687562,0.021545224937901487,1,6797768.537683745,0.00034631468714320347,0.01859798015923532,0.018404100779171
4,1001,Bandung Kulon,442255515.6589175,0.0010762475430965424,31198140.519404188,0.07054324799753375,0.9738745963193186,0.055375036702093386,1,97288652.71159296,0.0006862729312171115,0.01835256680402226,0.01793213135897006
4,1001,Babakan Ciparay,442255515.6589175,-0.8181602954864502,31768701.119729932,0.07183336328185229,0.9199585089293884,0.058231658535275295,1,99188097.32326348,0.0007030104675237799,0.018454127331474283,0.017990999752233283
4,1001,Bojongloa Kaler,442255515.6589175,-0.05405615270137787,18232887.658417027,0.04122704412459799,0.7690083541626722,0.049370401736855855,1,56926640.74402585,0.0005921009496481674,0.018537709286399483,0.01805781640513412
4,1001,Bojongloa Kidul,442255515.6589175,-0.040045253932476044,9096810.329849163,0.02056912804421626,0.3795956066513364,0.03375753330349999,1,28402020.747646414,0.00043426425911775065,0.018689908864125783,0.01829167519350747
4,1001,Astanaanyar,442255515.6589175,-0.7072830200195312,4742548.470507224,0.01072354849761747,0.2810506629341809,0.02749495207073321,1,14807163.73892984,0.00034039051274895716,0.018399588231094218,0.01797396664362391
4,1001,Regol,442255515.6589175,0.28682300448417664,15945632.445376845,0.03605524833674355,0.3078344280617453,0.03174638084549894,1,18326632.15949979,0.0010610372534859088,0.023495321429211517,0.02420413670940849
4,1001,Lengkong,442255515.6589175,-0.4419698417186737,4297557.649740213,0.009717363599948034,0.3070233045059925,0.026810460465096636,1,13417815.377728334,0.0003268850688621553,0.0184097189178093,0.017963613552614707
4,1001,Bandung Kidul,442255515.6589175,0.47728413343429565,11296626.598768016,0.02554321246154985,0.19157161697975963,0.024848510646695326,1,11296626.598768016,0.000940232678580221,0.023534903114572805,0.02456629897193986
4,1001,Buahbatu,442255515.6589175,-0.12614895403385162,14434389.061350659,0.03263812106412021,0.5334633375746007,0.04110157989216882,1,45066985.32065355,0.0005120527063282905,0.018413206915799302,0.017994308446145326
4,1001,Rancasari,442255515.6589175,-0.07334648817777634,10943139.29331645,0.024743929483869165,0.6298098084090854,0.03548930053112499,1,34166620.82458875,0.00043662104541012964,0.018484285376972706,0.018042795446327003
4,1001,Gedebage,442255515.6589175,1.8694404363632202,8483102.082105383,0.019181450048093556,0.25006825585992104,0.01831622289989052,1,8483102.082105383,0.0006919870269603406,0.023533021437987692,0.02456172844184042
4,1001,Cibiru,442255515.6589175,0.7033551931381226,18625473.525439307,0.04211473427909468,0.4332064484646767,0.030771133750024396,1,18625473.525439307,0.0011401191927720193,0.023674654861816868,0.02466358205073363
4,1001,Panyileukan ,442255515.6589175,-0.5067682862281799,1516103.776858931,0.003428117283286076,0.14932805607072236,0.016972680315783868,1,4733572.46821331,0.0002012626196203969,0.018408241430719723,0.01792602284171959
4,1001,Ujung Berung,442255515.6589175,0.946994423866272,45121894.18458271,0.10202675283168712,0.6259814754415365,0.03746821305960897,1,45121894.18458271,0.0014553924045570832,0.023493776150617856,0.024572252812265147
4,1001,Cinambo,442255515.6589175,-1.5445219278335571,531740.9060881628,0.0012023386645521443,0.09785979325041966,0.010583926749055714,1,1660199.0917116024,0.00012838171526315453,0.018374060728371572,0.017924691229574942
4,1001,Arcamanik,442255515.6589175,-1.5626734495162964,9771865.125995485,0.022095518947765663,0.6014877398171042,0.03433175908316269,1,30509673.829412267,0.0004058955551013291,0.018492004866750077,0.017997594659604488
4,1001,Antapani,442255515.6589175,-0.8737984895706177,8542778.499972643,0.01931638656274244,0.5629956917452108,0.034526613013928426,1,26672225.03283674,0.0004059973903739165,0.01848649665561165,0.017985405147998047
4,1001,Mandalajati,442255515.6589175,-0.685611367225647,7932781.483945469,0.017937100167369085,0.45227218836360433,0.032079095872871846,1,24767695.062770467,0.00037511672127261926,0.01836744130190917,0.017870743568691498
4,1001,Kiaracondong,442255515.6589175,-0.4642028212547302,21054734.60290207,0.04760762468170142,0.7949660182036107,0.05231605885016115,1,65736998.72202667,0.0006251201837349133,0.01839189467731232,0.017921296508548814
4,1001,Batununggal,442255515.6589175,1.9073245525360107,52569459.56841154,0.11886671326210184,0.6315073331242504,0.04598007362866234,1,52569459.56841154,0.0017798408176924376,0.023500333541259067,0.02457262757839815
4,1001,Sumur Bandung ,442255515.6589175,-1.8753902912139893,1019534.1774012629,0.0023053057368482032,0.11026787925717983,0.013567785372721785,1,3183185.0736152953,0.00016848585289623805,0.018546614172693883,0.01811130901091395
4,1001,Andir,442255515.6589175,-1.6941907405853271,10135477.626616912,0.022917696371781912,0.5745797931462787,0.03908993372285665,1,31644943.16144028,0.00047878615359905094,0.01847135308110393,0.018025343553601067
4,1001,Cicendo,442255515.6589175,-1.254311203956604,9125058.435826862,0.020633000862027503,0.39301729033436095,0.03609563546074947,1,28490216.85847745,0.0004556838433961987,0.018599753818058142,0.018180651991559944
4,1001,Bandung Wetan,442255515.6589175,-1.3008580207824707,500712.8984748053,0.0011321801102441697,0.08884121260453808,0.010764445404223754,1,1563323.5843592002,0.00013253760756791903,0.018462019937199554,0.01802361801115978
4,1001,Cibeunying Kidul,442255515.6589175,1.1176201105117798,45162545.30253108,0.10211867055008528,0.4375162363940742,0.04208852682674156,1,45162545.30253108,0.0016719335938604816,0.023455944248449972,0.02457371375254424
4,1001,Cibeunying Kaler,442255515.6589175,-0.3123634457588196,4134658.435990448,0.009349026274619122,0.27573013074306857,0.0276043346744435,1,12909212.17716311,0.00033119614151260856,0.018374463228763793,0.017910892105121368
4,1001,Coblong,442255515.6589175,0.04876435548067093,16445416.655266324,0.03718532855551674,0.5310080837732467,0.0430125629262616,1,45997331.64168851,0.000607168848797863,0.018800199026423343,0.018473167207946926
4,1001,Sukajadi,442255515.6589175,-1.050855278968811,11258318.641666772,0.025456592949198106,0.49593869254707157,0.040311399354812746,1,35150672.38403508,0.0004968499879328064,0.01833305173171864,0.017907938070356687
4,1001,Sukasari,442255515.6589175,1.1985074281692505,16190186.744309524,0.03660821893919792,0.25804627567795774,0.029410438562433538,1,16190186.744309524,0.0011539728575333454,0.023470225908707683,0.024566655435892395
4,1001,Cidadap,442255515.6589175,-0.643481433391571,2177239.8380720657,0.004923036030038407,0.2025601604334037,0.02022464937387266,1,6797768.537683745,0.0002601143464085242,0.018404100779171,0.01802573019600882
5,1001,Bandung Kulon,422646824.6783448,0.005497166886925697,28677500.66772294,0.06785216164713397,0.7896788946616488,0.05794985841782017,1,97288652.71159296,0.0006308258157558536,0.01793213135897006,0.01745274141756471
5,1001,Babakan Ciparay,422646824.6783448,-0.8211281299591064,29042859.608704373,0.06871661612696944,0.835071716110802,0.05776214521822344,1,99188097.32326348,0.0006426902451816809,0.017990999752233283,0.01753497549194622
5,1001,Bojongloa Kaler,422646824.6783448,-0.04002755135297775,16668455.991605422,0.039438261494785735,0.8456645260754883,0.048626418479514516,1,56926640.74402585,0.0005412970675131728,0.01805781640513412,0.017596286386387633
5,1001,Bojongloa Kidul,422646824.6783448,-0.05331866443157196,8316279.104427764,0.019676662922421966,0.4158061859190507,0.03627151299057156,1,28402020.747646414,0.00039700319704924936,0.01829167519350747,0.017794193238562857
5,1001,Astanaanyar,422646824.6783448,-0.7080565094947815,4335624.8307827525,0.010258269026585916,0.26198480938283153,0.02676430690012733,1,14807163.73892984,0.0003111840750632142,0.01797396664362391,0.0175699909917448
5,1001,Regol,422646824.6783448,0.2931215167045593,15540552.4565582,0.03676959472814052,0.2624707134543232,0.032911427323028444,1,18326632.15949979,0.0010340828532606073,0.02420413670940849,0.024708471734132757
5,1001,Lengkong,422646824.6783448,-0.44089579582214355,3928815.440433705,0.00929574105619681,0.352685083863439,0.026881924532553544,1,13417815.377728334,0.0002988374352280079,0.017963613552614707,0.01750903216240545
5,1001,Bandung Kidul,422646824.6783448,0.4879230260848999,11296626.598768016,0.026728289292993767,0.20418024088821446,0.024271705865036915,1,11296626.598768016,0.000940232678580221,0.02456629897193986,0.02550575037532542
5,1001,Buahbatu,422646824.6783448,-0.12977761030197144,13195878.971138403,0.03122199955289176,0.5497019259995695,0.041732617719426074,1,45066985.32065355,0.00046811718257230687,0.017994308446145326,0.01754745856189481
5,1001,Rancasari,422646824.6783448,-0.06416355818510056,10004187.98919368,0.023670325683405675,0.5519240794814406,0.034355548876890164,1,34166620.82458875,0.00039915776462691997,0.018042795446327003,0.017632124170047486
5,1001,Gedebage,422646824.6783448,1.8739010095596313,8483102.082105383,0.02007137303956192,0.28466699758743025,0.01862606489060061,1,8483102.082105383,0.0006919870269603406,0.02456172844184042,0.025430119292161223
5,1001,Cibiru,422646824.6783448,0.7029027938842773,18625473.525439307,0.04406864653393343,0.4126592948930896,0.030189036683476445,1,18625473.525439307,0.0011401191927720193,0.02466358205073363,0.025556816040080973
5,1001,Panyileukan ,422646824.6783448,-0.5001939535140991,1386017.9230366566,0.0032793761649374392,0.1440650001455868,0.01671837191772175,1,4733572.46821331,0.00018399373597572337,0.01792602284171959,0.017463070269061427
5,1001,Ujung Berung,422646824.6783448,0.9567829966545105,45121894.18458271,0.10676028198939555,0.5275915599886899,0.03934330525635576,1,45121894.18458271,0.0014553924045570832,0.024572252812265147,0.025432796801264146
5,1001,Cinambo,422646824.6783448,-1.5492658615112305,486116.08090368955,0.0011501709051609415,0.09973911276404532,0.010830442228005476,1,1660199.0917116024,0.00011736621269658483,0.017924691229574942,0.017443571810855325
5,1001,Arcamanik,422646824.6783448,-1.576890468597412,8933412.351354381,0.021136825902224987,0.5964070825656299,0.03411371616442548,1,30509673.829412267,0.00037106860548616745,0.017997594659604488,0.017514147946221182
5,1001,Antapani,422646824.6783448,-0.8784173727035522,7809784.722009835,0.018478276106660613,0.49889128791499066,0.03260692279169764,1,26672225.03283674,0.00037116170301363066,0.017985405147998047,0.017556321598240842
5,1001,Mandalajati,422646824.6783448,-0.6934770941734314,7252127.119596772,0.01715883498028407,0.4412694969316453,0.03184445208848969,1,24767695.062770467,0.0003429306798455216,0.017870743568691498,0.017387196391383013
5,1001,Kiaracondong,422646824.6783448,-0.4743739664554596,19248180.744501684,0.04554199776409182,0.6893534915327645,0.04907111534840955,1,65736998.72202667,0.0005714831609374563,0.017921296508548814,0.017523642426462746
5,1001,Batununggal,422646824.6783448,1.9118280410766602,52569459.56841154,0.12438153204728204,0.5708234646323259,0.045603743643544775,1,52569459.56841154,0.0017798408176924376,0.02457262757839815,0.025524356366926012
5,1001,Sumur Bandung ,422646824.6783448,-1.892543077468872,932055.3543862512,0.002205281809689666,0.13124474927699192,0.013314936702729919,1,3183185.0736152953,0.00015402930555065314,0.01811130901091395,0.017689784503898378
5,1001,Andir,422646824.6783448,-1.6823713779449463,9265825.90416909,0.02192333022073653,0.49106656023447565,0.039505983367550866,1,31644943.16144028,0.0004377049911219983,0.018025343553601067,0.017561213309636208
5,1001,Cicendo,422646824.6783448,-1.2496159076690674,8342103.445593938,0.019737764389789733,0.4041339473432573,0.03886362862281744,1,28490216.85847745,0.00041658492236849545,0.018180651991559944,0.01766202263183483
5,1001,Bandung Wetan,422646824.6783448,-1.307520866394043,457750.36127113906,0.0010830564304357658,0.0924849088252613,0.010765397976227256,1,1563323.5843592002,0.00012116551806639772,0.01802361801115978,0.017578088595114505
5,1001,Cibeunying Kidul,422646824.6783448,1.1145700216293335,45162545.30253108,0.106856464228501,0.5202880944755464,0.042802807313684854,1,45162545.30253108,0.0016719335938604816,0.02457371375254424,0.025526812346170363
5,1001,Cibeunying Kaler,422646824.6783448,-0.3042834401130676,3779893.425099421,0.008943385361941635,0.24631074622589208,0.02585431707720975,1,12909212.17716311,0.0003027786060451013,0.017910892105121368,0.017520315704736868
5,1001,Coblong,422646824.6783448,0.05309838056564331,15311363.392352588,0.036227323851315565,0.5558575195846998,0.04575383385875105,1,45997331.64168851,0.0005652993219532333,0.018473167207946926,0.01805553929732453
5,1001,Sukajadi,422646824.6783448,-1.0499308109283447,10292324.086769808,0.024352067697664067,0.5048889211189926,0.03870293000780652,1,35150672.38403508,0.0004542188990269182,0.017907938070356687,0.01751998587140858
5,1001,Sukasari,422646824.6783448,1.2114001512527466,16190186.744309524,0.038306656524939135,0.24148181170738195,0.02972477667233255,1,16190186.744309524,0.0011539728575333454,0.024566655435892395,0.025509720920127436
5,1001,Cidadap,422646824.6783448,-0.6479986906051636,1990426.7005846917,0.004709432519928442,0.19614756401166655,0.022191014706370128,1,6797768.537683745,0.00023779582352081023,0.01802573019600882,0.017521584990420957
6,1001,Bandung Kulon,412992054.7979402,-0.009996850043535233,27236839.691134617,0.06595003311736945,0.8326852159007758,0.05645959936638142,1,97288652.71159296,0.0005991352529584186,0.01745274141756471,0.01703551833403643
6,1001,Babakan Ciparay,412992054.7979402,-0.8094074130058289,27768606.417760227,0.06723762865449373,0.6034615156614342,0.05852106762371016,1,99188097.32326348,0.0006144922610043243,0.01753497549194622,0.01709932878311564
6,1001,Bojongloa Kaler,412992054.7979402,-0.09009764343500137,15937128.790304296,0.03858943193980249,0.8536385057986781,0.05062298703766034,1,56926640.74402585,0.0005175477010657777,0.017596286386387633,0.017126029481816227
6,1001,Bojongloa Kidul,412992054.7979402,-0.01416199654340744,7951403.009980674,0.01925316217976872,0.4543462984311579,0.03439446983252155,1,28402020.747646414,0.0003795847128686001,0.017794193238562857,0.017394590625224634
6,1001,Astanaanyar,412992054.7979402,-0.7029959559440613,4145399.630861124,0.010037480340606784,0.29782189800175546,0.02667303304058269,1,14807163.73892984,0.0002975308981390845,0.0175699909917448,0.017194991097305854
6,1001,Regol,412992054.7979402,0.30217793583869934,15536433.115179362,0.03761920582898548,0.2774822389174631,0.03153487385645783,1,18326632.15949979,0.001033808748443646,0.024708471734132757,0.02522672688986781
6,1001,Lengkong,412992054.7979402,-0.43130213022232056,3756438.970655817,0.009095668856132562,0.2953410730851409,0.02567803441817789,1,13417815.377728334,0.0002857259661597649,0.01750903216240545,0.017136362719504142
6,1001,Bandung Kidul,412992054.7979402,0.4717167019844055,11296626.598768016,0.02735313299016124,0.1644454899244463,0.025724949388858803,1,11296626.598768016,0.000940232678580221,0.02550575037532542,0.02624548403069568
6,1001,Buahbatu,412992054.7979402,-0.10180769860744476,12616910.814667808,0.030550008573023847,0.5198087023847905,0.042105443659159025,1,45066985.32065355,0.00044757857784587116,0.01754745856189481,0.01712389500210984
6,1001,Rancasari,412992054.7979402,-0.07923559099435806,9565255.024610037,0.023160869352050653,0.6168555461391662,0.036092541977670596,1,34166620.82458875,0.0003816447489625278,0.017632124170047486,0.017195654649329675
6,1001,Gedebage,412992054.7979402,1.8949205875396729,8483102.082105383,0.020540593901390698,0.28525506045733945,0.0178784118158181,1,8483102.082105383,0.0006919870269603406,0.025430119292161223,0.02626683046230522
6,1001,Cibiru,412992054.7979402,0.7245571613311768,18625473.525439307,0.04509886645289575,0.4069161985371355,0.030853587604672182,1,18625473.525439307,0.0011401191927720193,0.025556816040080973,0.026313194774811085
6,1001,Panyileukan ,412992054.7979402,-0.5076754093170166,1325206.4952044638,0.003208794163976913,0.11713367565033503,0.01640245864242336,1,4733572.46821331,0.0001759210252186004,0.017463070269061427,0.017056059590498537
6,1001,Ujung Berung,412992054.7979402,0.9503118395805359,45121894.18458271,0.10925608292067258,0.6742992240082424,0.03954156927513692,1,45121894.18458271,0.0014553924045570832,0.025432796801264146,0.02618702586862174
6,1001,Cinambo,412992054.7979402,-1.5792657136917114,464787.77592248376,0.0011254157810611759,0.10859588032638016,0.010600818126552907,1,1660199.0917116024,0.00011221677930563769,0.017443571810855325,0.01702438610683163
6,1001,Arcamanik,412992054.7979402,-1.5804202556610107,8541459.58402697,0.02068189807720623,0.5630977986789101,0.0345724339282108,1,30509673.829412267,0.0003547879994793735,0.017514147946221182,0.017055383455851666
6,1001,Antapani,412992054.7979402,-0.8721067309379578,7467131.028927034,0.018080568238971063,0.45769095483865746,0.03459802554834582,1,26672225.03283674,0.00035487701236011,0.017556321598240842,0.017093266838486554
6,1001,Mandalajati,412992054.7979402,-0.6720361709594727,6933940.610148882,0.016789525439033857,0.46966415933036115,0.0307856990739183,1,24767695.062770467,0.00032788462312269,0.017387196391383013,0.01697919452908639
6,1001,Kiaracondong,412992054.7979402,-0.4652588367462158,18403668.32168916,0.04456179751616119,0.7043691946816693,0.04989849506345407,1,65736998.72202667,0.0005464093820049869,0.017523642426462746,0.017133311251384255
6,1001,Batununggal,412992054.7979402,1.9136102199554443,52569459.56841154,0.12728927580491006,0.5230538857760607,0.04864782444655254,1,52569459.56841154,0.0017798408176924376,0.025524356366926012,0.026265098895646332
6,1001,Sumur Bandung ,412992054.7979402,-1.9014986753463745,891161.4987031386,0.0021578175375290133,0.11928185751444048,0.013362503001971199,1,3183185.0736152953,0.00014727128183187284,0.017689784503898378,0.017292617854580774
6,1001,Andir,412992054.7979402,-1.712674856185913,8859288.518243713,0.021451474466205395,0.4518331235121784,0.038804780411973175,1,31644943.16144028,0.0004185007189138227,0.017561213309636208,0.01715183810441731
6,1001,Cicendo,412992054.7979402,-1.2402751445770264,7976094.310200523,0.01931294856048234,0.4630141772347015,0.038399102924450014,1,28490216.85847745,0.00039830729152293706,0.01766202263183483,0.01720194588263747
6,1001,Bandung Wetan,412992054.7979402,-1.2941720485687256,437666.60001745145,0.0010597458109250636,0.08212050266901197,0.010949454332799455,1,1563323.5843592002,0.00011584939044987905,0.017578088595114505,0.017146905181411525
6,1001,Cibeunying Kidul,412992054.7979402,1.1216224431991577,45162545.30253108,0.1093545136712793,0.5610609788582401,0.04288164453800476,1,45162545.30253108,0.0016719335938604816,0.025526812346170363,0.02637236363357364
6,1001,Cibeunying Kaler,412992054.7979402,-0.33262723684310913,3614050.897082029,0.008750896912169978,0.28035896836132634,0.02664906992180334,1,12909212.17716311,0.0002894942184158969,0.017520315704736868,0.01712193569070201
6,1001,Coblong,412992054.7979402,0.04334679991006851,14370049.628033763,0.03479497840476478,0.562475564687587,0.04575158182822046,1,45997331.64168851,0.000530545785048711,0.01805553929732453,0.017651034101842086
6,1001,Sukajadi,412992054.7979402,-1.0294336080551147,9840749.17346936,0.02382793823548017,0.4619047526676528,0.040651272299553586,1,35150672.38403508,0.00043429008040264195,0.01751998587140858,0.017104070701580997
6,1001,Sukasari,412992054.7979402,1.2132710218429565,16190186.744309524,0.03920217485111356,0.2326983814959525,0.03021586281750789,1,16190186.744309524,0.0011539728575333454,0.025509720920127436,0.026322339380269368
6,1001,Cidadap,412992054.7979402,-0.6539825797080994,1903096.8849696922,0.0046080714213758865,0.20691760283027252,0.022168244326638747,1,6797768.537683745,0.0002273625503859648,0.017521584990420957,0.01706152451912722
7,1001,Bandung Kulon,492374633.71970874,-0.018597565591335297,37748461.74622921,0.07666613826356872,0.7960066192019682,0.055251438178318436,1,97288652.71159296,0.0008303619081210698,0.01703551833403643,0.016918625948898404
7,1001,Babakan Ciparay,492374633.71970874,-0.8161329030990601,38485455.32424986,0.078162952939932,0.6858635627894523,0.056634423472646134,1,99188097.32326348,0.0008516457074653119,0.01709932878311564,0.016978855460241606
7,1001,Bojongloa Kaler,492374633.71970874,-0.10953737050294876,22087808.398760255,0.04485976101549952,0.7291703612445934,0.049955138714884106,1,56926640.74402585,0.0007172869472771249,0.017126029481816227,0.016957147871406814
7,1001,Bojongloa Kidul,492374633.71970874,0.021627746522426605,11775352.455155922,0.023915432779705717,0.4232019275666003,0.03435893201436444,1,28402020.747646414,0.000562132717333842,0.017394590625224634,0.017334532572390066
7,1001,Astanaanyar,492374633.71970874,-0.7052653431892395,5745250.225903693,0.011668452906479857,0.2969585868441885,0.0283400125535031,1,14807163.73892984,0.0004123581830376658,0.017194991097305854,0.017034963604477548
7,1001,Regol,492374633.71970874,0.31144922971725464,17986511.150052108,0.0365301335980098,0.3173210227167646,0.032669706948466465,1,18326632.15949979,0.0011968392257767195,0.02522672688986781,0.025914523023156288
7,1001,Lengkong,492374633.71970874,-0.42203667759895325,5206176.4284642935,0.01057360812666881,0.24943265536853657,0.026591176919392945,1,13417815.377728334,0.0003959973266280571,0.017136362719504142,0.017003807654520954
7,1001,Bandung Kidul,492374633.71970874,0.4611949324607849,11296626.598768018,0.022943153089398954,0.17785373403535626,0.025655867139514645,1,11296626.598768016,0.0009402326785802211,0.02624548403069568,0.02688014026426105
7,1001,Buahbatu,492374633.71970874,-0.0961330384016037,17486205.471851982,0.035514025854155286,0.6381273305150998,0.04348131863227448,1,45066985.32065355,0.0006203143615720536,0.01712389500210984,0.016948490276306013
7,1001,Rancasari,492374633.71970874,-0.0947972759604454,13256812.00476961,0.026924238368291397,0.5453138780822564,0.034989437826943054,1,34166620.82458875,0.000528934427423694,0.017195654649329675,0.01707415237466779
7,1001,Gedebage,492374633.71970874,1.894371747970581,8483102.082105385,0.017228958401083082,0.27173818753678547,0.01753227714564405,1,8483102.082105383,0.0006919870269603408,0.02626683046230522,0.027018895056678188
7,1001,Cibiru,492374633.71970874,0.7127587795257568,18625473.52543931,0.03782784946643315,0.4134132342652913,0.029581402405418507,1,18625473.525439307,0.0011401191927720195,0.026313194774811085,0.02702666614382639
7,1001,Panyileukan ,492374633.71970874,-0.512359619140625,1836648.7175956313,0.0037301854966012913,0.11558079660860733,0.01666498440702936,1,4733572.46821331,0.0002438149273604336,0.017056059590498537,0.016911087472688897
7,1001,Ujung Berung,492374633.71970874,0.9429867267608643,45121894.18458272,0.09164138664842142,0.5961460748978012,0.03684924215158523,1,45121894.18458271,0.0014553924045570836,0.02618702586862174,0.026942508925380894
7,1001,Cinambo,492374633.71970874,-1.571869969367981,644165.1740247825,0.0013082826163451028,0.10041327214396534,0.010219363710491721,1,1660199.0917116024,0.00015552504802099706,0.01702438610683163,0.016920401363372892
7,1001,Arcamanik,492374633.71970874,-1.5741075277328491,11837899.110943932,0.024042463401318964,0.5374850836733072,0.03300261769688688,1,30509673.829412267,0.0004917127456137117,0.017055383455851666,0.01692863213681953
7,1001,Antapani,492374633.71970874,-0.8788019418716431,10348950.656389138,0.021018448042716232,0.5080199382516423,0.03163305895083771,1,26672225.03283674,0.000491836111590143,0.017093266838486554,0.01700563428944868
7,1001,Mandalajati,492374633.71970874,-0.678065299987793,9609983.935031438,0.019517625963855104,0.5878165257832062,0.030598664044557886,1,24767695.062770467,0.00045442644203513486,0.01697919452908639,0.01685424002216808
7,1001,Kiaracondong,492374633.71970874,-0.46398645639419556,25506269.35832414,0.05180256579351717,0.6636011786585467,0.04908812241916092,1,65736998.72202667,0.0007572873317277566,0.017133311251384255,0.017035680988179338
7,1001,Batununggal,492374633.71970874,1.9119375944137573,52569459.56841155,0.10676719710613168,0.5605519269333963,0.046174363666097264,1,52569459.56841154,0.001779840817692438,0.026265098895646332,0.026980326795624704
7,1001,Sumur Bandung ,492374633.71970874,-1.8819798231124878,1235091.0063349702,0.002508437522470061,0.11854510959339065,0.01378210291798026,1,3183185.0736152953,0.00020410827436628378,0.017292617854580774,0.017144007550855163
7,1001,Andir,492374633.71970874,-1.7257485389709473,12278389.031991221,0.02493708690724483,0.458926421212572,0.03833379025422392,1,31644943.16144028,0.0005800143686945409,0.01715183810441731,0.01703406078751779
7,1001,Cicendo,492374633.71970874,-1.2476754188537598,11054340.164542725,0.02245107567997819,0.49265731791089323,0.036705349469756926,1,28490216.85847745,0.000552027611418945,0.01720194588263747,0.01707491513948856
7,1001,Bandung Wetan,492374633.71970874,-1.285430669784546,606577.014650437,0.0012319420480051363,0.08819155769888287,0.01070250387362918,1,1563323.5843592002,0.00016055960725666176,0.017146905181411525,0.017020993724347424
7,1001,Cibeunying Kidul,492374633.71970874,1.126430630683899,45162545.302531086,0.09172394800549472,0.5035739382404433,0.04554448769877845,1,45162545.30253108,0.001671933593860482,0.02637236363357364,0.027004907589400447
7,1001,Cibeunying Kaler,492374633.71970874,-0.3493485152721405,5008835.958374113,0.010172814794568524,0.2820706112977384,0.02790397029982161,1,12909212.17716311,0.0004012198754903264,0.01712193569070201,0.01695477233404753
7,1001,Coblong,492374633.71970874,0.03026328980922699,18903967.024008825,0.03839346247631874,0.5499968702367993,0.04517414935806125,1,45997331.64168851,0.0006979391362519617,0.017651034101842086,0.017518171222619755
7,1001,Sukajadi,492374633.71970874,-1.0315815210342407,13638628.708082333,0.02769969810395698,0.4318184833397532,0.04210079224659504,1,35150672.38403508,0.0006018973813684408,0.017104070701580997,0.016932264020075083
7,1001,Sukasari,492374633.71970874,1.2162507772445679,16190186.744309528,0.03288184572385184,0.2787698224275022,0.028815747126832606,1,16190186.744309524,0.0011539728575333456,0.026322339380269368,0.027095069224833637
7,1001,Cidadap,492374633.71970874,-0.648347795009613,2637566.6478306376,0.005356828859977602,0.17889980369578357,0.02094055140676437,1,6797768.537683745,0.0003151094852815567,0.01706152451912722,0.0169441620414354
8,1001,Bandung Kulon,461271676.6103573,-0.007612396031618118,33584175.289924234,0.07280779851196731,1.0,0.0586349515349836,1,97288652.71159296,0.0007387591066329921,0.016918625948898404,0.01667148741015497
8,1001,Babakan Ciparay,461271676.6103573,-0.8285795450210571,34239866.15431467,0.07422928371827514,0.859908294059845,0.056499982979945344,1,99188097.32326348,0.0007576949470605562,0.016978855460241606,0.016786151103062853
8,1001,Bojongloa Kaler,461271676.6103573,-0.07420630007982254,19651153.840946265,0.04260212546617267,0.6042145535401102,0.04799089822336096,1,56926640.74402585,0.0006381582044978554,0.016957147871406814,0.016758088624206472
8,1001,Bojongloa Kidul,461271676.6103573,-0.006690181791782379,9804416.206735691,0.021255188002834217,0.4235415246982234,0.03551935251259715,1,28402020.747646414,0.0004680440050650963,0.017334532572390066,0.017104575924022685
8,1001,Astanaanyar,461271676.6103573,-0.7022561430931091,5111453.06975325,0.011081220306684833,0.33086070448355825,0.026943857969747805,1,14807163.73892984,0.0003668681811320434,0.017034963604477548,0.016852517704015996
8,1001,Regol,461271676.6103573,0.3181176781654358,17449373.695046026,0.037828842696937925,0.32742605148927695,0.03086018578253494,1,18326632.15949979,0.0011610975985972155,0.025914523023156288,0.026550723452885193
8,1001,Lengkong,461271676.6103573,-0.4318728446960449,4631848.125077104,0.010041475251882183,0.254974066548052,0.027102200199755688,1,13417815.377728334,0.00035231220072554477,0.017003807654520954,0.016780443668838654
8,1001,Bandung Kidul,461271676.6103573,0.4610177278518677,11296626.598768016,0.024490180454566336,0.16194835051438278,0.023814231589083513,1,11296626.598768016,0.000940232678580221,0.02688014026426105,0.027561128790478527
8,1001,Buahbatu,461271676.6103573,-0.10418665409088135,15557184.652192408,0.03372672860929587,0.7140833827638551,0.041095261417920796,1,45066985.32065355,0.0005518833163042552,0.016948490276306013,0.016759048854313636
8,1001,Rancasari,461271676.6103573,-0.08250875771045685,11794363.99678534,0.025569235213954416,0.4723718708614396,0.03567450614345977,1,34166620.82458875,0.00047058411669576234,0.01707415237466779,0.016859790123010733
8,1001,Gedebage,461271676.6103573,1.8926308155059814,8483102.082105383,0.01839068495261455,0.25510560764964124,0.01819157993697709,1,8483102.082105383,0.0006919870269603406,0.027018895056678188,0.02763933275226271
8,1001,Cibiru,461271676.6103573,0.7118101119995117,18625473.525439307,0.040378532803722327,0.4297165464225483,0.03076448714123474,1,18625473.525439307,0.0011401191927720193,0.02702666614382639,0.027606177085382686
8,1001,Panyileukan ,461271676.6103573,-0.5051872134208679,1634035.6566690519,0.0035424582508007422,0.110420393310642,0.017097961022040996,1,4733572.46821331,0.0002169180644716178,0.016911087472688897,0.016671049778091755
8,1001,Ujung Berung,461271676.6103573,0.9530813097953796,45121894.18458271,0.09782064772795017,0.559703823542058,0.039422683330589466,1,45121894.18458271,0.0014553924045570832,0.026942508925380894,0.02751908471497411
8,1001,Cinambo,461271676.6103573,-1.568272590637207,573102.9853759245,0.001242441308313913,0.1068895294622458,0.01082261415505167,1,1660199.0917116024,0.00013836803496324737,0.016920401363372892,0.016687065373796023
8,1001,Arcamanik,461271676.6103573,-1.5829753875732422,10531980.91829777,0.022832489945386964,0.5588048160933242,0.034141123527225335,1,30509673.829412267,0.00043746860870775536,0.01692863213681953,0.016696832742157188
8,1001,Antapani,461271676.6103573,-0.8855798840522766,9207288.372371042,0.01996066274875266,0.537461487302968,0.0338659652969359,1,26672225.03283674,0.00043757836535440064,0.01700563428944868,0.01677640277095565
8,1001,Mandalajati,461271676.6103573,-0.6834558248519897,8549842.035343105,0.01853537181855906,0.5182232881520101,0.0310375522277418,1,24767695.062770467,0.00040429560781265686,0.01685424002216808,0.01664298540587117
8,1001,Kiaracondong,461271676.6103573,-0.4737541973590851,22692501.40259159,0.04919552305779283,0.5662616493224554,0.04915274577574761,1,65736998.72202667,0.000673745877767444,0.017035680988179338,0.0168592449143172
8,1001,Batununggal,461271676.6103573,1.9179627895355225,52569459.56841154,0.11396637217077107,0.5713510482634211,0.047386724977944786,1,52569459.56841154,0.0017798408176924376,0.026980326795624704,0.02758250033422601
8,1001,Sumur Bandung ,461271676.6103573,-1.887837529182434,1098839.8185498528,0.002382196597512009,0.1236249752001725,0.014233610901008375,1,3183185.0736152953,0.00018159171916789347,0.017144007550855163,0.0168928009757844
8,1001,Andir,461271676.6103573,-1.7166049480438232,10923877.436395617,0.023682090165755336,0.457821462404565,0.0386951660888914,1,31644943.16144028,0.0005160290864264965,0.01703406078751779,0.016832568394907998
8,1001,Cicendo,461271676.6103573,-1.2513998746871948,9834861.62419686,0.021321191226107962,0.4648453954103872,0.036027665424844826,1,28490216.85847745,0.0004911297363957876,0.01707491513948856,0.016890974750458837
8,1001,Bandung Wetan,461271676.6103573,-1.2945547103881836,539661.428426131,0.0011699426949250793,0.07687470187161895,0.011200366590575873,1,1563323.5843592002,0.0001428471981412002,0.017020993724347424,0.016778231725930584
8,1001,Cibeunying Kidul,461271676.6103573,1.122195839881897,45162545.30253108,0.097908776091363,0.5590236578687494,0.04471968138830639,1,45162545.30253108,0.0016719335938604816,0.027004907589400447,0.027599017338369454
8,1001,Cibeunying Kaler,461271676.6103573,-0.3258529007434845,4456277.608221096,0.009660852452437432,0.252189121364457,0.02689438422710358,1,12909212.17716311,0.00035695861513124335,0.01695477233404753,0.01675414351684485
8,1001,Coblong,461271676.6103573,0.04568232223391533,17475625.404502362,0.037885754297600785,0.5691642921608198,0.04261925671647058,1,45997331.64168851,0.0006452044105234956,0.017518171222619755,0.01739344826443344
8,1001,Sukajadi,461271676.6103573,-1.031333088874817,12134059.934036516,0.02630566876163595,0.5209696570135375,0.04168810080201185,1,35150672.38403508,0.0005354980369350639,0.016932264020075083,0.01670256314322321
8,1001,Sukasari,461271676.6103573,1.2158476114273071,16190186.744309524,0.03509902637699909,0.28164340695091616,0.02949574465972117,1,16190186.744309524,0.0011539728575333454,0.027095069224833637,0.027755891955752034
8,1001,Cidadap,461271676.6103573,-0.6526880860328674,2346598.948457828,0.005087238318428194,0.147026829412932,0.0213956466321535,1,6797768.537683745,0.0002803476406630194,0.0169441620414354,0.016732315019753398
9,1001,Bandung Kulon,496319067.0209234,-0.0151832215487957,38231521.418954834,0.07703012831732114,1.0,0.054247196204608314,1,97288652.71159296,0.0008409878868504112,0.01667148741015497,0.016608790083915134
9,1001,Babakan Ciparay,496319067.0209234,-0.815146803855896,38977946.159468755,0.07853404946424426,0.8995713443444617,0.05793969076915111,1,99188097.32326348,0.0008625440508068778,0.016786151103062853,0.01668167817166717
9,1001,Bojongloa Kaler,496319067.0209234,-0.09641048312187195,22370461.75740731,0.04507274300719992,0.5949833680648534,0.04860900154096536,1,56926640.74402585,0.0007264659278758952,0.016758088624206472,0.016658732279872066
9,1001,Bojongloa Kidul,496319067.0209234,0.017727147787809372,11784210.019238427,0.023743214400307616,0.4804881657464314,0.03600408815399749,1,28402020.747646414,0.0005625555604364683,0.017104575924022685,0.017021514742230934
9,1001,Astanaanyar,496319067.0209234,-0.6944797039031982,5818771.067958378,0.011723851559611906,0.3401104072728579,0.027635260115060307,1,14807163.73892984,0.0004176350499543371,0.016852517704015996,0.016757494492616327
9,1001,Regol,496319067.0209234,0.31524524092674255,18281954.266877346,0.03683508348089846,0.27959534742803877,0.03152383701654708,1,18326632.15949979,0.001216498286294476,0.026550723452885193,0.027174280409778297
9,1001,Lengkong,496319067.0209234,-0.4085375666618347,5272798.848699392,0.010623808753406417,0.23855775858691444,0.026116040845271065,1,13417815.377728334,0.0004010648268691836,0.016780443668838654,0.01670359702092051
9,1001,Bandung Kidul,496319067.0209234,0.4482700526714325,11296626.598768014,0.022760815268642064,0.21530730409699944,0.024236955573770678,1,11296626.598768016,0.0009402326785802209,0.027561128790478527,0.02813749089320614
9,1001,Buahbatu,496319067.0209234,-0.09537020325660706,17709973.018970363,0.03568263682729675,0.7066012842192818,0.040274965050007515,1,45066985.32065355,0.0006282524029815934,0.016759048854313636,0.01669681154969368
9,1001,Rancasari,496319067.0209234,-0.09245828539133072,13426456.831927337,0.0270520673576325,0.3945186292619586,0.03431689827279674,1,34166620.82458875,0.0005357030977107721,0.016859790123010733,0.01679266006807435
9,1001,Gedebage,496319067.0209234,1.8778884410858154,8483102.082105381,0.017092033423224823,0.21194864452566126,0.017613898063540596,1,8483102.082105383,0.0006919870269603405,0.02763933275226271,0.028231644821471828
9,1001,Cibiru,496319067.0209234,0.7043391466140747,18625473.525439303,0.03752721739512399,0.4803622329331554,0.030804293411643716,1,18625473.525439307,0.001140119192772019,0.027606177085382686,0.028110597707618878
9,1001,Panyileukan ,496319067.0209234,-0.502875030040741,1860151.9515657495,0.003747895406741106,0.10524959658536144,0.015599014838679804,1,4733572.46821331,0.0002469349792398487,0.016671049778091755,0.016625902319208484
9,1001,Ujung Berung,496319067.0209234,0.9413025379180908,45121894.1845827,0.09091307826519689,0.5053661694486569,0.03797036198171365,1,45121894.18458271,0.001455392404557083,0.02751908471497411,0.02807915666064005
9,1001,Cinambo,496319067.0209234,-1.547916054725647,652408.4296106009,0.0013144939877619034,0.08793839738219678,0.010880819124726588,1,1660199.0917116024,0.00015751527160421804,0.016687065373796023,0.016563501982176782
9,1001,Arcamanik,496319067.0209234,-1.5591716766357422,11989386.387663567,0.024156610503859872,0.5557317119279853,0.03389354791762225,1,30509673.829412267,0.0004980050973277495,0.016696832742157188,0.016586015481266446
9,1001,Antapani,496319067.0209234,-0.8742111325263977,10481384.151315017,0.02111823793961386,0.5952572000049278,0.03413793618660085,1,26672225.03283674,0.0004981300419944226,0.01677640277095565,0.0166545275641017
9,1001,Mandalajati,496319067.0209234,-0.6675975322723389,9732961.017535165,0.019610290364131533,0.5710807817600259,0.030253824211823467,1,24767695.062770467,0.0004602416482240146,0.01664298540587117,0.016565721231996438
9,1001,Kiaracondong,496319067.0209234,-0.45259565114974976,25832668.092437178,0.05204851034132878,0.7075227714943411,0.0534258377587513,1,65736998.72202667,0.0007669781894131089,0.0168592449143172,0.016717277922865176
9,1001,Batununggal,496319067.0209234,1.902402639389038,52569459.56841153,0.10591867824855368,0.5913646625156603,0.04629017581094219,1,52569459.56841154,0.0017798408176924374,0.02758250033422601,0.02814507883933171
9,1001,Sumur Bandung ,496319067.0209234,-1.86217200756073,1250896.2240764888,0.0025203469042299653,0.12495583098973859,0.014196901198711412,1,3183185.0736152953,0.00020672020798304417,0.0168928009757844,0.01676181837342325
9,1001,Andir,496319067.0209234,-1.7183294296264648,12435513.17196983,0.025055481439816587,0.47567988537303446,0.03779581395535956,1,31644943.16144028,0.0005874366989871318,0.016832568394907998,0.016763175653250726
9,1001,Cicendo,496319067.0209234,-1.239033579826355,11195800.390868774,0.02255766730476384,0.43360562600111957,0.036469768356494785,1,28490216.85847745,0.0005590918006592968,0.016890974750458837,0.016806355930696768
9,1001,Bandung Wetan,496319067.0209234,-1.2749245166778564,614339.261921591,0.001237790975085977,0.07139181952218579,0.011046557187000013,1,1563323.5843592002,0.0001626142571085092,0.016778231725930584,0.016664193472967503
9,1001,Cibeunying Kidul,496319067.0209234,1.125088095664978,45162545.30253107,0.09099498347627889,0.5615546813321016,0.04363922234861853,1,45162545.30253108,0.0016719335938604812,0.027599017338369454,0.028155759550927396
9,1001,Cibeunying Kaler,496319067.0209234,-0.33309924602508545,5072933.05125844,0.010221112563149988,0.2750323119352009,0.02709813289900974,1,12909212.17716311,0.00040635420766651717,0.01675414351684485,0.016658000854294527
9,1001,Coblong,496319067.0209234,0.03747598081827164,19392764.85451859,0.0390731812318245,0.49974348902757904,0.04352837079880186,1,45997331.64168851,0.0007159856730023982,0.01739344826443344,0.017340914723841114
9,1001,Sukajadi,496319067.0209234,-1.0306048393249512,13813159.568821596,0.027831208766032102,0.4623381054261164,0.03948217647954311,1,35150672.38403508,0.0006095997442888927,0.01670256314322321,0.016634677235177465
9,1001,Sukasari,496319067.0209234,1.202109456062317,16190186.744309522,0.032620521394611246,0.24590471186427787,0.03014466232296958,1,16190186.744309524,0.0011539728575333454,0.027755891955752034,0.028306087000819335
9,1001,Cidadap,496319067.0209234,-0.6398563981056213,2671319.071711072,0.005382261632109446,0.17200203952808377,0.020945257200109212,1,6797768.537683745,0.0003191418796571515,0.016732315019753398,0.016651383164964555
10,1001,Bandung Kulon,463986658.7215283,0.0015004370361566544,34060921.81537693,0.07340926980363746,0.8429414005770594,0.054730808782876554,1,97288652.71159296,0.0007492462135574097,0.016608790083915134,0.01647186099748733
10,1001,Babakan Ciparay,463986658.7215283,-0.8546380400657654,34673618.995911494,0.07472977583332115,0.7711722062700079,0.05739380234874605,1,99188097.32326348,0.000767293475713381,0.01668167817166717,0.01652152712236567
10,1001,Bojongloa Kaler,463986658.7215283,-0.0730830654501915,19900095.930285964,0.0428893709683783,0.6238133902990163,0.047178083548185305,1,56926640.74402585,0.0006462424339554635,0.016658732279872066,0.01651963130132307
10,1001,Bojongloa Kidul,463986658.7215283,-0.013273358345031738,9928619.186113684,0.021398501442845497,0.466989031809498,0.03508657909148016,1,28402020.747646414,0.0004739732168287866,0.017021514742230934,0.016852487436369093
10,1001,Astanaanyar,463986658.7215283,-0.7317579388618469,5176205.288225777,0.01115593560920119,0.3909179652926099,0.02880706826692776,1,14807163.73892984,0.0003715156910066529,0.016757494492616327,0.01656258366363079
10,1001,Regol,463986658.7215283,0.31477516889572144,17168700.279241487,0.037002573148435414,0.26991709268084857,0.030629383698217785,1,18326632.15949979,0.0011424213277592972,0.027174280409778297,0.027672443902067488
10,1001,Lengkong,463986658.7215283,-0.4346610903739929,4690524.677054336,0.010109180056984045,0.2661396761062168,0.027828017155930362,1,13417815.377728334,0.00035677531449781276,0.01670359702092051,0.0165070193122938
10,1001,Bandung Kidul,463986658.7215283,0.48580530285835266,11296626.598768016,0.024346878054413917,0.22142718608416795,0.025348727275452235,1,11296626.598768016,0.000940232678580221,0.02813749089320614,0.028607744556335288
10,1001,Buahbatu,463986658.7215283,-0.12939836084842682,15754264.074749807,0.033954131608350986,0.7702501187792046,0.043215898067034,1,45066985.32065355,0.0005588746098916189,0.01669681154969368,0.016508025825356116
10,1001,Rancasari,463986658.7215283,-0.08883590251207352,11943775.763623929,0.0257416361852599,0.4036674154455175,0.03474601556136424,1,34166620.82458875,0.00047654550675807125,0.01679266006807435,0.016646967062122688
10,1001,Gedebage,463986658.7215283,1.9241172075271606,8483102.082105383,0.01828307327947699,0.1807008120215659,0.017761599908252282,1,8483102.082105383,0.0006919870269603406,0.028231644821471828,0.028769227779694255
10,1001,Cibiru,463986658.7215283,0.707234263420105,18625473.525439307,0.040142260936467555,0.5324014025185717,0.029333089751215725,1,18625473.525439307,0.0011401191927720193,0.028110597707618878,0.028648590999460592
10,1001,Panyileukan ,463986658.7215283,-0.5138103365898132,1654735.7261773967,0.003566343331372643,0.10203645388614195,0.016263259325687764,1,4733572.46821331,0.00021966599655856583,0.016625902319208484,0.016477365352586117
10,1001,Ujung Berung,463986658.7215283,0.9825499057769775,45121894.18458271,0.09724825776006546,0.5153207429474501,0.03806450994547737,1,45121894.18458271,0.0014553924045570832,0.02807915666064005,0.02859502598609025
10,1001,Cinambo,463986658.7215283,-1.5664513111114502,580363.0911051376,0.001250818488411442,0.10692174699996845,0.01007212699037731,1,1660199.0917116024,0.00014012089018998762,0.016563501982176782,0.01644194660252152
10,1001,Arcamanik,463986658.7215283,-1.606161117553711,10665400.734554252,0.022986438368598275,0.5468609025097309,0.034154608172743635,1,30509673.829412267,0.0004430104893705245,0.016586015481266446,0.016406563262626954
10,1001,Antapani,463986658.7215283,-0.9098862409591675,9323926.897677137,0.020095247831841422,0.5571280240546354,0.03383058454020562,1,26672225.03283674,0.00044312163642147654,0.0166545275641017,0.01647906774861392
10,1001,Mandalajati,463986658.7215283,-0.7161259055137634,8658151.987879725,0.018660346855093744,0.5332290150314828,0.029608334553577784,1,24767695.062770467,0.00040941725075201624,0.016565721231996438,0.016439297192632707
10,1001,Kiaracondong,463986658.7215283,-0.4795665144920349,22979971.47978036,0.04952722464714722,0.8253616968137972,0.05331798854160142,1,65736998.72202667,0.0006822809341744607,0.016717277922865176,0.01651821405718935
10,1001,Batununggal,463986658.7215283,1.9672484397888184,52569459.56841154,0.11329950674284849,0.666670245490821,0.04850312013718109,1,52569459.56841154,0.0017798408176924376,0.02814507883933171,0.028599279294711934
10,1001,Sumur Bandung ,463986658.7215283,-1.925045132637024,1112759.9925250562,0.0023982585956052313,0.12298773742059103,0.013916018754274334,1,3183185.0736152953,0.00018389213482502653,0.01676181837342325,0.016587247629172557
10,1001,Andir,463986658.7215283,-1.7412126064300537,11062261.823120065,0.023841767031838997,0.4243799607356714,0.03827893594999619,1,31644943.16144028,0.0005225661763080788,0.016763175653250726,0.016615391014019657
10,1001,Cicendo,463986658.7215283,-1.2846019268035889,9959450.2880947,0.02146494969389213,0.41409867234434083,0.03819692491816394,1,28490216.85847745,0.000497351399698859,0.016806355930696768,0.016616575418452493
10,1001,Bandung Wetan,463986658.7215283,-1.3279871940612793,546497.8943464436,0.0011778310519795273,0.05678281136116255,0.010734456164525983,1,1563323.5843592002,0.00014465679569712064,0.016664193472967503,0.016511582356514815
10,1001,Cibeunying Kidul,463986658.7215283,1.1521486043930054,45162545.30253108,0.0973358704471638,0.571357559976877,0.042960993418993315,1,45162545.30253108,0.0016719335938604816,0.028155759550927396,0.02869414984448444
10,1001,Cibeunying Kaler,463986658.7215283,-0.33327341079711914,4512730.021521977,0.00972599090231685,0.23501830102420734,0.02799569085745262,1,12909212.17716311,0.0003614805899820748,0.016658000854294527,0.016470303457389306
10,1001,Coblong,463986658.7215283,0.04214105010032654,17520293.96112273,0.03776033994037297,0.48984865938468775,0.046093809428663736,1,45997331.64168851,0.000646853584677558,0.017340914723841114,0.017174733913156326
10,1001,Sukajadi,463986658.7215283,-1.0783101320266724,12287774.991004732,0.026483035147740114,0.5527570179549283,0.041893310515833025,1,35150672.38403508,0.0005422817607423731,0.016634677235177465,0.01645053106105932
10,1001,Sukasari,463986658.7215283,1.2492815256118774,16190186.744309524,0.03489364713399317,0.24754558103740035,0.02907627239007285,1,16190186.744309524,0.0011539728575333454,0.028306087000819335,0.02886732660286183
10,1001,Cidadap,463986658.7215283,-0.6508859992027283,2376325.815887578,0.005121539102946021,0.13713587292514295,0.021826198596101083,1,6797768.537683745,0.0002838991027284523,0.016651383164964555,0.0164702832720513
11,1001,Bandung Kulon,438820878.7207299,-0.011643148958683014,30635439.8069011,0.069813086141687,0.929623126204367,0.056471742051250814,1,97288652.71159296,0.0006738950695581044,0.01647186099748733,0.01624932659326839
11,1001,Babakan Ciparay,438820878.7207299,-0.8375583291053772,31233560.13692435,0.07117610316988064,0.7788606305578398,0.05678594765474493,1,99188097.32326348,0.0006911683178842518,0.01652152712236567,0.016311321174469758
11,1001,Bojongloa Kaler,438820878.7207299,-0.0950462594628334,17925756.26566237,0.04084982537275877,0.6153104769651072,0.04980045671627844,1,56926640.74402585,0.0005821270611054577,0.01651963130132307,0.016277656127276104
11,1001,Bojongloa Kidul,438820878.7207299,0.0032342076301574707,9054828.916468706,0.02063445327137976,0.4410792305395567,0.03399243989528408,1,28402020.747646414,0.00043226014704798936,0.016852487436369093,0.01665737434957525
11,1001,Astanaanyar,438820878.7207299,-0.7177576422691345,4662660.657658175,0.01062543029231191,0.3996687350691767,0.027132227812116334,1,14807163.73892984,0.00033465666442939065,0.01656258366363079,0.01636020406270439
11,1001,Regol,438820878.7207299,0.31723687052726746,16683549.909567142,0.038019043118923075,0.30831586163927294,0.0314597074637374,1,18326632.15949979,0.0011101389697198585,0.027672443902067488,0.028024068624594254
11,1001,Lengkong,438820878.7207299,-0.4323381781578064,4225165.668221101,0.009628451774078051,0.2996866509144049,0.027617477858780878,1,13417815.377728334,0.0003213787185598218,0.0165070193122938,0.016262231185990284
11,1001,Bandung Kidul,438820878.7207299,0.4727952778339386,11296626.598768014,0.02574313836593291,0.2132440750073243,0.02354863225143845,1,11296626.598768016,0.0009402326785802209,0.028607744556335288,0.029115295980492874
11,1001,Buahbatu,438820878.7207299,-0.10321712493896484,14191243.044162938,0.03233948914539773,0.6852228940738165,0.04146457339789737,1,45066985.32065355,0.0005034272234204418,0.016508025825356116,0.016296692855428955
11,1001,Rancasari,438820878.7207299,-0.08692971616983414,10758803.072130281,0.024517527751858167,0.4578648641895974,0.03581570988917764,1,34166620.82458875,0.00042926620221166883,0.016646967062122688,0.01641705580376743
11,1001,Gedebage,438820878.7207299,1.907206654548645,8483102.082105381,0.01933158264218352,0.16193782054326392,0.01881050432972803,1,8483102.082105383,0.0006919870269603405,0.028769227779694255,0.029157299235565214
11,1001,Cibiru,438820878.7207299,0.7126175761222839,18625473.525439303,0.042444364953046695,0.49634508769301233,0.02948975836451732,1,18625473.525439307,0.001140119192772019,0.028648590999460592,0.029111183496221632
11,1001,Panyileukan ,438820878.7207299,-0.5152047276496887,1490565.141768821,0.0033967507337257577,0.08339872224903729,0.01713237560926069,1,4733572.46821331,0.00019787236845275326,0.016477365352586117,0.016228407063771405
11,1001,Ujung Berung,438820878.7207299,0.9725741147994995,45121894.1845827,0.1028253129525743,0.5844951084338457,0.03779171870354337,1,45121894.18458271,0.001455392404557083,0.02859502598609025,0.029053953546504065
11,1001,Cinambo,438820878.7207299,-1.5646743774414062,522783.77718290745,0.0011913375195522827,0.09701365828857829,0.010481390881904615,1,1660199.0917116024,0.0001262191365344471,0.01644194660252152,0.0162282342690296
11,1001,Arcamanik,438820878.7207299,-1.5925315618515015,9607258.91538396,0.021893349613153017,0.5852353546356598,0.03184112583456151,1,30509673.829412267,0.0003990582800911007,0.016406563262626954,0.016225235183812713
11,1001,Antapani,438820878.7207299,-0.898269772529602,8398876.145729817,0.019139645702853963,0.5836817982262514,0.032677003817922004,1,26672225.03283674,0.00039915839995745685,0.01647906774861392,0.0162741512326853
11,1001,Mandalajati,438820878.7207299,-0.6938639879226685,7799154.475913212,0.017772979486868658,0.45928150084720426,0.029786522523966626,1,24767695.062770467,0.0003687979130175355,0.016439297192632707,0.016246988713419386
11,1001,Kiaracondong,438820878.7207299,-0.4655240476131439,20700069.44597155,0.04717202496453066,0.8320895664692742,0.0528943241164158,1,65736998.72202667,0.0006145900890912971,0.01651821405718935,0.016271493819641738
11,1001,Batununggal,438820878.7207299,1.9386380910873413,52569459.56841153,0.11979707921296806,0.5623144277611997,0.044827459899991505,1,52569459.56841154,0.0017798408176924374,0.028599279294711934,0.029099580566153253
11,1001,Sumur Bandung ,438820878.7207299,-1.9085943698883057,1002360.2136423369,0.0022842126759429994,0.11513691695298034,0.014235973525429945,1,3183185.0736152953,0.0001656477234880535,0.016587247629172557,0.01633727337741935
11,1001,Andir,438820878.7207299,-1.7392040491104126,9964746.39533773,0.022708004287278677,0.38027381580646497,0.03710496024516185,1,31644943.16144028,0.00047072104285294066,0.016615391014019657,0.01643139178953428
11,1001,Cicendo,438820878.7207299,-1.2611453533172607,8971347.627156937,0.020444213259201816,0.43859643203466114,0.03572353639515972,1,28490216.85847745,0.00044800788903833464,0.016616575418452493,0.01642378128363604
11,1001,Bandung Wetan,438820878.7207299,-1.30828857421875,492278.43363523314,0.0011218209012076753,0.05456758546815763,0.010324453386605092,1,1563323.5843592002,0.00013030502319799818,0.016511582356514815,0.016329567868756202
11,1001,Cibeunying Kidul,438820878.7207299,1.1376776695251465,45162545.30253107,0.10291795010800518,0.4515875485606253,0.043015353010569087,1,45162545.30253108,0.0016719335938604812,0.02869414984448444,0.02916264079867505
11,1001,Cibeunying Kaler,438820878.7207299,-0.33831360936164856,4065010.4774333015,0.00926348465752997,0.23669779503183175,0.0278566594738262,1,12909212.17716311,0.00032561717156975493,0.016470303457389306,0.016231430553738862
11,1001,Coblong,438820878.7207299,0.03757935017347336,15776894.511674738,0.03595292584452281,0.45936227959792286,0.04353349622452029,1,45997331.64168851,0.0005824868459742739,0.017174733913156326,0.01699167432447774
11,1001,Sukajadi,438820878.7207299,-1.0638351440429688,11068673.25201317,0.025223670496903102,0.5364410406444581,0.04090846295946962,1,35150672.38403508,0.0004884805934823616,0.01645053106105932,0.016229719636732344
11,1001,Sukasari,438820878.7207299,1.2402135133743286,16190186.744309522,0.03689475029426101,0.29628411953627387,0.030027696690416477,1,16190186.744309524,0.0011539728575333454,0.02886732660286183,0.029314432279924762
11,1001,Cidadap,438820878.7207299,-0.6461383700370789,2140564.4240424456,0.004877991289481745,0.14271462928758338,0.021090887874859087,1,6797768.537683745,0.00025573274306710085,0.0164702832720513,0.0162601916606333
12,1001,Bandung Kulon,425430800.81282264,-0.0017628706991672516,28943210.45157754,0.06803271036389236,0.667514151659816,0.05838979915851733,1,97288652.71159296,0.000636670697187346,0.01624932659326839,0.015997185981974266
12,1001,Babakan Ciparay,425430800.81282264,-0.8426852822303772,29508292.026914682,0.06936096768390188,0.6929156883521328,0.05798282665188127,1,99188097.32326348,0.0006529898120633605,0.016311321174469758,0.01607946681843974
12,1001,Bojongloa Kaler,425430800.81282264,-0.07324494421482086,16935579.817720667,0.03980807168959973,0.7269289488291807,0.04670582853658947,1,56926640.74402585,0.0005499717368293891,0.016277656127276104,0.016079952631873885
12,1001,Bojongloa Kidul,425430800.81282264,-0.029237329959869385,8449553.373774355,0.019861169801600513,0.5039217091942565,0.03489889255894004,1,28402020.747646414,0.0004033654547790108,0.01665737434957525,0.016427742437231718
12,1001,Astanaanyar,425430800.81282264,-0.7327213883399963,4405106.292891914,0.01035446019534922,0.39176416529823044,0.027543282852476304,1,14807163.73892984,0.0003161710205126838,0.01636020406270439,0.016139510580984336
12,1001,Regol,425430800.81282264,0.30641108751296997,15876379.492871044,0.037318359325506846,0.2542155349370989,0.03296609598694172,1,18326632.15949979,0.0010564290974422862,0.028024068624594254,0.028214266382262654
12,1001,Lengkong,425430800.81282264,-0.44698047637939453,3991777.4936123467,0.009382906658346572,0.2701917747319695,0.025644628329208285,1,13417815.377728334,0.00030362651701967326,0.016262231185990284,0.01606922988518247
12,1001,Bandung Kidul,425430800.81282264,0.49765902757644653,11296626.598768014,0.02655338207103206,0.22042962474111477,0.023944527552576027,1,11296626.598768016,0.0009402326785802209,0.029115295980492874,0.029565278255124148
12,1001,Buahbatu,425430800.81282264,-0.1222628504037857,13407352.288253043,0.03151476635597876,0.6461941986865336,0.04078217208400032,1,45066985.32065355,0.00047561909234379254,0.016296692855428955,0.0160910842331416
12,1001,Rancasari,425430800.81282264,-0.07789228111505508,10164512.195238646,0.02389228089696012,0.5645376058882448,0.03467020388530148,1,34166620.82458875,0.00040555455082982026,0.01641705580376743,0.016206787321693294
12,1001,Gedebage,425430800.81282264,1.9120033979415894,8483102.082105381,0.019940028004313926,0.18056372597725934,0.018503064939412076,1,8483102.082105383,0.0006919870269603405,0.029157299235565214,0.029540596166939857
12,1001,Cibiru,425430800.81282264,0.7136234641075134,18625473.525439303,0.043780265767908,0.4481997188290118,0.031000726887072068,1,18625473.525439307,0.001140119192772019,0.029111183496221632,0.0294729467160298
12,1001,Panyileukan ,425430800.81282264,-0.5157997012138367,1408229.8430160668,0.003310126677065979,0.11444899734594528,0.01682949195266071,1,4733572.46821331,0.00018694236605638749,0.016228407063771405,0.015991347746871405
12,1001,Ujung Berung,425430800.81282264,0.9919958114624023,45121894.1845827,0.10606165350128245,0.5653365178280826,0.03655550793544863,1,45121894.18458271,0.001455392404557083,0.029053953546504065,0.02952363475347975
12,1001,Cinambo,425430800.81282264,-1.5714967250823975,493906.43578314205,0.0011609559882347277,0.09166112280748476,0.010812402841265898,1,1660199.0917116024,0.00011924708947413141,0.0162282342690296,0.015985861297756712
12,1001,Arcamanik,425430800.81282264,-1.6103506088256836,9076576.6185643,0.021335024641428665,0.5588623796716949,0.03463308014860661,1,30509673.829412267,0.0003770152429970823,0.016225235183812713,0.015973277114845263
12,1001,Antapani,425430800.81282264,-0.9077065587043762,7934942.059745874,0.01865154578508532,0.5513041209482027,0.03153118463923522,1,26672225.03283674,0.0003771098324784344,0.0162741512326853,0.016087555868832638
12,1001,Mandalajati,425430800.81282264,-0.7176083326339722,7368347.5988443075,0.017319732338999524,0.4507141227284577,0.030660571075664056,1,24767695.062770467,0.00034842638714671214,0.016246988713419386,0.016025548877390397
12,1001,Kiaracondong,425430800.81282264,-0.48099711537361145,19556646.48894847,0.0459690423250592,0.8097611334290777,0.05135299930945861,1,65736998.72202667,0.0005806415838043931,0.016271493819641738,0.016044938011102683
12,1001,Batununggal,425430800.81282264,1.9474384784698486,52569459.56841153,0.1235675918809193,0.5629207665371616,0.04851381342476627,1,52569459.56841154,0.0017798408176924374,0.029099580566153253,0.029458353240795775
12,1001,Sumur Bandung ,425430800.81282264,-1.9354954957962036,946992.2023186719,0.00222596060395571,0.10089858758685746,0.013428280515397727,1,3183185.0736152953,0.00015649773438733042,0.01633727337741935,0.01612887144367308
12,1001,Andir,425430800.81282264,-1.7176671028137207,9414317.33426231,0.02212890396340706,0.3621128459727588,0.038132694703536724,1,31644943.16144028,0.00044471952396158044,0.01643139178953428,0.016218131785825974
12,1001,Cicendo,425430800.81282264,-1.2613584995269775,8475791.56831859,0.019922844213735472,0.48048423636035803,0.03838018189242179,1,28490216.85847745,0.0004232609911310153,0.01642378128363604,0.01616935730171395
12,1001,Bandung Wetan,425430800.81282264,-1.321630597114563,465086.13538062846,0.001093212185135728,0.05476832030649651,0.010525436992216758,1,1563323.5843592002,0.00012310728140641148,0.016329567868756202,0.01612416970935013
12,1001,Cibeunying Kidul,425430800.81282264,1.134127140045166,45162545.30253107,0.1061572063335426,0.5290924764869069,0.04222351883375565,1,45162545.30253108,0.0016719335938604812,0.02916264079867505,0.029622173463257493
12,1001,Cibeunying Kaler,425430800.81282264,-0.32851123809814453,3840468.8973884513,0.009027246946038936,0.24212901987028584,0.02625642782707875,1,12909212.17716311,0.0003076308478936169,0.016231430553738862,0.016032762003571416
12,1001,Coblong,425430800.81282264,0.033942099660634995,14838853.613384001,0.034879594013957335,0.5892733331459638,0.04450614332969257,1,45997331.64168851,0.0005478541440926761,0.01699167432447774,0.01677773029784056
12,1001,Sukajadi,425430800.81282264,-1.0678017139434814,10457265.878082734,0.024580415564889088,0.5406061397903695,0.04182768204016731,1,35150672.38403508,0.00046149807894994355,0.016229719636732344,0.015987566166337154
12,1001,Sukasari,425430800.81282264,1.2476927042007446,16190186.744309522,0.0380559816387924,0.31757424321786315,0.029974459690481445,1,16190186.744309524,0.0011539728575333454,0.029314432279924762,0.029732026692020984
12,1001,Cidadap,425430800.81282264,-0.6477134823799133,2022324.6997832917,0.00475359258408057,0.13680716218345157,0.021103071852465106,1,6797768.537683745,0.00024160667020301616,0.0162601916606333,0.016043383206011588
13,1001,Bandung Kulon,526755425.49042076,-0.014023292809724808,42480579.88857224,0.08064573772357805,0.6698916195414082,0.058595750485689775,1,97288652.71159296,0.000934455438515664,0.015997185981974266,0.015997088982472037
13,1001,Babakan Ciparay,526755425.49042076,-0.8271620273590088,43309962.41491051,0.08222024932080764,0.7908319156987238,0.0570065299750514,1,99188097.32326348,0.0009584073585820689,0.01607946681843974,0.01611321505091156
13,1001,Bojongloa Kaler,526755425.49042076,-0.09832525998353958,24856719.077850673,0.04718834942176158,0.8034965874426947,0.04640927080771001,1,56926640.74402585,0.0008072054875157877,0.016079952631873885,0.016136916180853115
13,1001,Bojongloa Kidul,526755425.49042076,0.017252013087272644,12990603.339825358,0.02466154634806243,0.5121730239965854,0.03538497052103632,1,28402020.747646414,0.0006201464612657674,0.016427742437231718,0.016477868042124665
13,1001,Astanaanyar,526755425.49042076,-0.7315921187400818,6465470.377100052,0.012274141023000491,0.3566966114664155,0.028663798716952706,1,14807163.73892984,0.00046405108782976814,0.016139510580984336,0.01614391490729647
13,1001,Regol,526755425.49042076,0.2948385775089264,18068465.171803683,0.03430143155142929,0.29792190180469674,0.03226114764238169,1,18326632.15949979,0.001202292522812713,0.028214266382262654,0.028617728200928717
13,1001,Lengkong,526755425.49042076,-0.4377996027469635,5858818.702869965,0.01112246484678402,0.2728039324138966,0.02620461732400817,1,13417815.377728334,0.00044563924703937437,0.01606922988518247,0.016111312297265527
13,1001,Bandung Kidul,526755425.49042076,0.4822840392589569,11296626.598768014,0.021445676783016725,0.19364623477655554,0.024304078134486,1,11296626.598768016,0.0009402326785802209,0.029565278255124148,0.029961499880711763
13,1001,Buahbatu,526755425.49042076,-0.13507597148418427,19678262.74587731,0.03735749418728135,0.6987723921459696,0.04028421646895524,1,45066985.32065355,0.0006980764930221986,0.0160910842331416,0.016145114912684826
13,1001,Rancasari,526755425.49042076,-0.10274454206228256,14918675.765447687,0.028321826493876306,0.6356796576874464,0.035023746915533095,1,34166620.82458875,0.0005952412405846703,0.016206787321693294,0.016242862736332263
13,1001,Gedebage,526755425.49042076,1.9117531776428223,8483102.082105381,0.01610444177999197,0.19368326063252747,0.017613860003116027,1,8483102.082105383,0.0006919870269603405,0.029540596166939857,0.029957180033944594
13,1001,Cibiru,526755425.49042076,0.7163910269737244,18625473.525439303,0.035358864140978864,0.45753090414787495,0.029422444391166872,1,18625473.525439307,0.001140119192772019,0.0294729467160298,0.029874035694008386
13,1001,Panyileukan ,526755425.49042076,-0.5177798867225647,2066889.5887620843,0.003923812624877598,0.13891543472265155,0.01578609629511192,1,4733572.46821331,0.00027437937920201375,0.015991347746871405,0.016051223833785988
13,1001,Ujung Berung,526755425.49042076,0.9470791220664978,45121894.1845827,0.08566004639168781,0.49210574402370705,0.03932562924037121,1,45121894.18458271,0.001455392404557083,0.02952363475347975,0.029863118111002982
13,1001,Cinambo,526755425.49042076,-1.5671688318252563,724917.2249867724,0.0013761931817064031,0.10302868114291226,0.010303516914613266,1,1660199.0917116024,0.00017502154846852716,0.015985861297756712,0.016030487094074772
13,1001,Arcamanik,526755425.49042076,-1.5765305757522583,13321889.042155368,0.025290463842403518,0.590146920808301,0.03214907330639258,1,30509673.829412267,0.0005533534773601485,0.015973277114845263,0.016027310125894832
13,1001,Antapani,526755425.49042076,-0.883945107460022,11646287.154086392,0.02210947735990274,0.5288860287987172,0.03184210251048066,1,26672225.03283674,0.0005534923084005378,0.016087555868832638,0.01614380944310866
13,1001,Mandalajati,526755425.49042076,-0.7017329931259155,10814684.132679358,0.02053075034321792,0.4423397549609292,0.029671107068192544,1,24767695.062770467,0.0005113929914318043,0.016025548877390397,0.016078467351672388
13,1001,Kiaracondong,526755425.49042076,-0.4677812457084656,28703715.675088834,0.05449154253772526,0.8369866147342555,0.052467947725596806,1,65736998.72202667,0.0008522202894076396,0.016044938011102683,0.016055882582083566
13,1001,Batununggal,526755425.49042076,1.9378767013549805,52569459.56841152,0.0997986105591,0.5025080320080636,0.04867198228935343,1,52569459.56841154,0.0017798408176924372,0.029458353240795775,0.029784022775680524
13,1001,Sumur Bandung ,526755425.49042076,-1.8953157663345337,1389921.065313632,0.002638645940892939,0.08436690611023809,0.013449292532006288,1,3183185.0736152953,0.00022969513071619856,0.01612887144367308,0.01617148728702893
13,1001,Andir,526755425.49042076,-1.7348437309265137,13817598.441043109,0.026231525623449672,0.37113394172048675,0.04068391567459872,1,31644943.16144028,0.0006527245240214198,0.016218131785825974,0.016212382078059355
13,1001,Cicendo,526755425.49042076,-1.2656540870666504,12440103.74865723,0.02361647008585668,0.4368630282676154,0.03667234162390591,1,28490216.85847745,0.0006212293683708246,0.01616935730171395,0.016204686834033966
13,1001,Bandung Wetan,526755425.49042076,-1.2961325645446777,682617.0428521779,0.0012958899136475842,0.06044067848717,0.01059095375488036,1,1563323.5843592002,0.0001806872361792527,0.01612416970935013,0.01616624449964571
13,1001,Cibeunying Kidul,526755425.49042076,1.1383029222488403,45162545.30253107,0.08573721905281517,0.568595290804507,0.0458253871570157,1,45162545.30253108,0.0016719335938604812,0.029622173463257493,0.029939045550320956
13,1001,Cibeunying Kaler,526755425.49042076,-0.3471965193748474,5636739.783170627,0.010700867063538452,0.2273583317718526,0.025729963140938217,1,12909212.17716311,0.00045151649061176346,0.016032762003571416,0.0160974486112003
13,1001,Coblong,526755425.49042076,0.030231717973947525,21116650.409123402,0.04008814980778478,0.5501435625573112,0.04448289480666046,1,45997331.64168851,0.0007796319538835512,0.01677773029784056,0.016812652325228643
13,1001,Sukajadi,526755425.49042076,-1.0471128225326538,15348356.717135413,0.02913753893060666,0.5535338770453982,0.04120093052884149,1,35150672.38403508,0.0006773507743397949,0.015987566166337154,0.01600953690592094
13,1001,Sukasari,526755425.49042076,1.215766191482544,16190186.74430952,0.030735681040657725,0.2951604150876163,0.030837655805970986,1,16190186.744309524,0.0011539728575333452,0.029732026692020984,0.03007932853755135
13,1001,Cidadap,526755425.49042076,-0.6346083879470825,2968209.974961313,0.005634892079560158,0.13227437074212495,0.02211583502019816,1,6797768.537683745,0.0003546113680907067,0.016043383206011588,0.01604512457123539
14,1001,Bandung Kulon,393814058.9237478,0.021449042484164238,25448036.774092585,0.06461942177391884,0.7595886815110815,0.05758599803604461,1,97288652.71159296,0.0005597865289380039,0.015997088982472037,0.015734748997610883
14,1001,Babakan Ciparay,393814058.9237478,-0.8753108382225037,25230014.077509634,0.06406580340595407,0.7399364761938393,0.0563207638871952,1,99188097.32326348,0.000558315680751772,0.01611321505091156,0.015863895947980267
14,1001,Bojongloa Kaler,393814058.9237478,-0.022226369008421898,14480164.315242356,0.036769038552902644,0.8234228118555728,0.04854890101582132,1,56926640.74402585,0.0004702337447989779,0.016136916180853115,0.01587110128577353
14,1001,Bojongloa Kidul,393814058.9237478,-0.07202988862991333,7224489.657840961,0.01834492571845893,0.4315601935245458,0.0359673865067642,1,28402020.747646414,0.0003448832651233455,0.016477868042124665,0.016189763268107473
14,1001,Astanaanyar,393814058.9237478,-0.7613021731376648,3766429.2355930675,0.00956397860931202,0.27668055907137734,0.02819480968429573,1,14807163.73892984,0.00027033076977683873,0.01614391490729647,0.01587095034571827
14,1001,Regol,393814058.9237478,0.2994696795940399,14451412.80484027,0.036696030721540145,0.30620836186702016,0.03229049848052112,1,18326632.15949979,0.0009616104851259434,0.028617728200928717,0.028675646877578533
14,1001,Lengkong,393814058.9237478,-0.4760499894618988,3413027.1676268177,0.008666595542460472,0.24628272457060535,0.02757878386791907,1,13417815.377728334,0.00025960503887261204,0.016111312297265527,0.015827904249220936
14,1001,Bandung Kidul,393814058.9237478,0.530005693435669,11296626.598768016,0.02868517855771961,0.19743675019206358,0.024986300528163717,1,11296626.598768016,0.000940232678580221,0.029961499880711763,0.030295562864089798
14,1001,Buahbatu,393814058.9237478,-0.16790756583213806,11463479.03383291,0.029108861845007227,0.7632387627475022,0.04057420814403407,1,45066985.32065355,0.0004066611644083326,0.016145114912684826,0.01590110385007626
14,1001,Rancasari,393814058.9237478,-0.06948737800121307,8690804.115093451,0.022068293191067127,0.5530733919475416,0.03604482311149789,1,34166620.82458875,0.00034675497373083,0.016242862736332263,0.015966365716195186
14,1001,Gedebage,393814058.9237478,1.9394410848617554,8483102.082105383,0.021540881768641794,0.19931891740295113,0.018092483271914463,1,8483102.082105383,0.0006919870269603406,0.029957180033944594,0.030311956321874174
14,1001,Cibiru,393814058.9237478,0.70261549949646,18625473.525439307,0.04729509549847143,0.42541857449276477,0.03105875738467715,1,18625473.525439307,0.0011401191927720193,0.029874035694008386,0.030179053054504256
14,1001,Panyileukan ,393814058.9237478,-0.5249523520469666,1204056.7692382107,0.0030574245432699143,0.12576970695708004,0.01580366728852133,1,4733572.46821331,0.0001598384116228623,0.016051223833785988,0.01581807123020695
14,1001,Ujung Berung,393814058.9237478,1.003253698348999,44274107.378675275,0.112423887302733,0.5151210835032355,0.039905819588577016,1,45121894.18458271,0.0014280473096691347,0.029863118111002982,0.03013022848105762
14,1001,Cinambo,393814058.9237478,-1.588916540145874,422297.10606141784,0.0010723261308027226,0.10043110639215425,0.010992140550046756,1,1660199.0917116024,0.00010195797653724653,0.016030487094074772,0.015741938295562127
14,1001,Arcamanik,393814058.9237478,-1.6387474536895752,7760603.550117299,0.01970626333484947,0.48403305193092383,0.03462518545670856,1,30509673.829412267,0.000322353455075477,0.016027310125894832,0.015741452190222716
14,1001,Antapani,393814058.9237478,-0.9207140803337097,6784489.58309784,0.017227646980504285,0.4030640905001366,0.03387217717138545,1,26672225.03283674,0.00032243433044243906,0.01614380944310866,0.01586602458005699
14,1001,Mandalajati,393814058.9237478,-0.7596392035484314,6300043.170145616,0.015997507014764704,0.45049662468392204,0.031194169485554132,1,24767695.062770467,0.0002979095721524386,0.016078467351672388,0.015806684325851358
14,1001,Kiaracondong,393814058.9237478,-0.5134302973747253,16721214.015877407,0.04245966754354763,0.834080163039765,0.048637305747270335,1,65736998.72202667,0.0004964569050628328,0.016055882582083566,0.01582823494682263
14,1001,Batununggal,393814058.9237478,2.0019607543945312,52569459.56841154,0.13348802150963912,0.5906672156999595,0.04617531467612532,1,52569459.56841154,0.0017798408176924376,0.029784022775680524,0.0301535669819938
14,1001,Sumur Bandung ,393814058.9237478,-1.9727998971939087,809691.9528246277,0.002056026021613932,0.10651220247348578,0.013566937433655467,1,3183185.0736152953,0.00013380781368468615,0.01617148728702893,0.015915607166817246
14,1001,Andir,393814058.9237478,-1.7246596813201904,8049376.719497511,0.02043953621537943,0.39734542546840357,0.04084596662826682,1,31644943.16144028,0.0003802415890374129,0.016212382078059355,0.015915276000024438
14,1001,Cicendo,393814058.9237478,-1.3129093647003174,7246923.6915395465,0.0184018917743684,0.41947474387745276,0.03730629852104447,1,28490216.85847745,0.0003618942348461215,0.016204686834033966,0.015935987767925906
14,1001,Bandung Wetan,393814058.9237478,-1.374187707901001,397655.33471761225,0.0010097540341864946,0.06517404647248504,0.010915448985729539,1,1563323.5843592002,0.00010525849615744288,0.01616624449964571,0.01589580554362991
14,1001,Cibeunying Kidul,393814058.9237478,1.167283535003662,45162545.30253108,0.11467987056113625,0.6896986982266097,0.04511472067802505,1,45162545.30253108,0.0016719335938604816,0.029939045550320956,0.030254239746075287
14,1001,Cibeunying Kaler,393814058.9237478,-0.3084191083908081,3283656.141703151,0.008338087651510047,0.2209591348607781,0.026513056571658655,1,12909212.17716311,0.0002630287993609675,0.0160974486112003,0.015849496972304415
14,1001,Coblong,393814058.9237478,0.05182994157075882,13394463.078828562,0.03401215059572585,0.6051631580529493,0.04223027817473535,1,45997331.64168851,0.0004945268884527457,0.016812652325228643,0.01661405384019319
14,1001,Sukajadi,393814058.9237478,-1.1080924272537231,8941112.724370535,0.022703894190079583,0.5893326018361097,0.040468221530306846,1,35150672.38403508,0.0003945874948651901,0.01600953690592094,0.01575532683296847
14,1001,Sukasari,393814058.9237478,1.2652161121368408,16190186.744309524,0.04111124622761207,0.3317024917698853,0.03141907506238142,1,16190186.744309524,0.0011539728575333454,0.03007932853755135,0.030378187877971946
14,1001,Cidadap,393814058.9237478,-0.6585158109664917,1729116.7038163126,0.004390693182822893,0.15780209178354518,0.020411290197347665,1,6797768.537683745,0.00020657717786181477,0.01604512457123539,0.015812716974905407
15,1001,Bandung Kulon,456956936.71142244,0.01182420551776886,33335825.488100003,0.07295178781617283,0.9252940982056592,0.053180242794666675,1,97288652.71159296,0.0007332960968629355,0.015734748997610883,0.015658690878632725
15,1001,Babakan Ciparay,456956936.71142244,-0.8468055725097656,33574778.28005588,0.07347470972140868,0.7947037906076599,0.05509318346357091,1,99188097.32326348,0.0007429771990586813,0.015863895947980267,0.01576974424366438
15,1001,Bojongloa Kaler,456956936.71142244,-0.04284875839948654,19269442.53179851,0.042169055733073495,0.7340656636036441,0.050180404865800936,1,56926640.74402585,0.0006257623825703564,0.01587110128577353,0.01572705053730706
15,1001,Bojongloa Kidul,456956936.71142244,-0.03196493536233902,9613971.585722925,0.02103911947351473,0.5129965876627972,0.03373327795415536,1,28402020.747646414,0.00045895254451483106,0.016189763268107473,0.016088038576870887
15,1001,Astanaanyar,456956936.71142244,-0.7350465655326843,5012166.30732216,0.01096857472696042,0.26088568510175636,0.026421739102849843,1,14807163.73892984,0.0003597419973548457,0.01587095034571827,0.015782298216952397
15,1001,Regol,456956936.71142244,0.3109905421733856,16829213.063832592,0.03682888191816767,0.3095693292103306,0.03185487763852246,1,18326632.15949979,0.0011198315318471587,0.028675646877578533,0.02893061656437237
15,1001,Lengkong,456956936.71142244,-0.45325714349746704,4541877.3871801365,0.009939399147470267,0.30203001479853425,0.02713859354638563,1,13417815.377728334,0.0003454687577167449,0.015827904249220936,0.01569934959805004
15,1001,Bandung Kidul,456956936.71142244,0.500309944152832,11296626.598768016,0.02472142491164778,0.15779681053013636,0.025638146511673145,1,11296626.598768016,0.000940232678580221,0.030295562864089798,0.03055606006899571
15,1001,Buahbatu,456956936.71142244,-0.15851743519306183,15254996.120755225,0.03338388127017112,0.6584498443685874,0.04240310855323378,1,45066985.32065355,0.0005411633298409485,0.01590110385007626,0.01577062759139166
15,1001,Rancasari,456956936.71142244,-0.07918307930231094,11565265.890983667,0.02530931245778936,0.6049750037853376,0.03515606891833011,1,34166620.82458875,0.00046144331607397913,0.015966365716195186,0.015850702176484183
15,1001,Gedebage,456956936.71142244,1.923122763633728,8483102.082105383,0.01856433593755167,0.19254562620700827,0.017182060060137443,1,8483102.082105383,0.0006919870269603406,0.030311956321874174,0.030686726394524026
15,1001,Cibiru,456956936.71142244,0.6848862171173096,18625473.525439307,0.040759800386183154,0.4056528027363419,0.030019357721977967,1,18625473.525439307,0.0011401191927720193,0.030179053054504256,0.03048714798846738
15,1001,Panyileukan ,456956936.71142244,-0.523674488067627,1602295.541317575,0.0035064475721690532,0.14510623638942247,0.016349395563442434,1,4733572.46821331,0.00021270456744048005,0.01581807123020695,0.015703784747549975
15,1001,Ujung Berung,456956936.71142244,0.9716479778289795,45121894.18458271,0.09874430292996755,0.38894366569058647,0.03862695979717344,1,45121894.18458271,0.0014553924045570832,0.03013022848105762,0.03043030215047701
15,1001,Cinambo,456956936.71142244,-1.5814690589904785,561970.8201812014,0.0012298113345768015,0.12393569420754767,0.010666898614028511,1,1660199.0917116024,0.00013568032287277607,0.015741938295562127,0.015617042758497873
15,1001,Arcamanik,456956936.71142244,-1.607792615890503,10327403.810165526,0.022600387433635766,0.5105804958119866,0.031858988603601916,1,30509673.829412267,0.0004289710560097076,0.015741452190222716,0.01565175758412174
15,1001,Antapani,456956936.71142244,-0.9171494841575623,9028442.584140755,0.019757753649863947,0.3298864522556494,0.034349800251216187,1,26672225.03283674,0.0004290786807024932,0.01586602458005699,0.015723342603873067
15,1001,Mandalajati,456956936.71142244,-0.7261701226234436,8383766.728888725,0.018346951441910692,0.5144252349861741,0.031095740136780476,1,24767695.062770467,0.00039644241980192044,0.015806684325851358,0.015680126966279302
15,1001,Kiaracondong,456956936.71142244,-0.49044471979141235,22251713.829081688,0.04869542847783509,0.7605960684011878,0.053324007290446916,1,65736998.72202667,0.0006606587876598064,0.01582823494682263,0.01568208786684896
15,1001,Batununggal,456956936.71142244,1.9824975728988647,52569459.56841154,0.1150424806913703,0.7211827457515697,0.046347947104242865,1,52569459.56841154,0.0017798408176924376,0.0301535669819938,0.03047593271714774
15,1001,Sumur Bandung ,456956936.71142244,-1.9262639284133911,1077495.5458889583,0.0023579804995266292,0.13505921576077548,0.013935385228080216,1,3183185.0736152953,0.00017806441418544822,0.015915607166817246,0.01578520738120256
15,1001,Andir,456956936.71142244,-1.7286858558654785,10711687.984775335,0.023441351086305934,0.39038349656168775,0.03824067951058806,1,31644943.16144028,0.0005060055458378644,0.015915276000024438,0.015807073996408086
15,1001,Cicendo,456956936.71142244,-1.3036437034606934,9643825.62009022,0.021104451744389408,0.39173088044451815,0.037259067226746635,1,28490216.85847745,0.0004815898500278735,0.015935987767925906,0.015811982457373596
15,1001,Bandung Wetan,456956936.71142244,-1.3360381126403809,529178.8444512469,0.0011580497021438894,0.055915467988748385,0.010689741135830691,1,1563323.5843592002,0.0001400724811219404,0.01589580554362991,0.015782380398999343
15,1001,Cibeunying Kidul,456956936.71142244,1.15757417678833,45162545.30253108,0.09883326343079926,0.7306550603432076,0.044402935386657016,1,45162545.30253108,0.0016719335938604816,0.030254239746075287,0.030549355701679597
15,1001,Cibeunying Kaler,456956936.71142244,-0.31095755100250244,4369717.2172370525,0.00956264554967598,0.20391062472428262,0.028193736348917007,1,12909212.17716311,0.000350024918443703,0.015849496972304415,0.015703621202583742
15,1001,Coblong,456956936.71142244,0.0659494549036026,17823232.335958093,0.039004183773259635,0.6076755006983747,0.04233837953651736,1,45997331.64168851,0.0006580381443735011,0.01661405384019319,0.016570244460977785
15,1001,Sukajadi,456956936.71142244,-1.0762473344802856,11898363.448212488,0.026038259827810745,0.5667904578527707,0.03987480461699246,1,35150672.38403508,0.0005250963242224686,0.01575532683296847,0.015651476459817997
15,1001,Sukasari,456956936.71142244,1.2382069826126099,16190186.744309524,0.03543044309782292,0.33406066042261584,0.029645209301925764,1,16190186.744309524,0.0011539728575333454,0.030378187877971946,0.030710446884502415
15,1001,Cidadap,456956936.71142244,-0.6689152121543884,2301017.739134933,0.00503552425682526,0.14896176409115924,0.020700442915735993,1,6797768.537683745,0.00027490206399102834,0.015812716974905407,0.015711438934889792
16,1001,Bandung Kulon,479361158.4838079,0.008324440568685532,36255950.03777541,0.07563389189155609,1.0,0.05404524386842924,1,97288652.71159296,0.0007975307724192677,0.015658690878632725,0.015624338831647402
16,1001,Babakan Ciparay,479361158.4838079,-0.8337362408638,36669874.38410707,0.07649738351787157,0.8859677891363513,0.05682318844850933,1,99188097.32326348,0.0008114686665234536,0.01576974424366438,0.01571182409470541
16,1001,Bojongloa Kaler,479361158.4838079,-0.058904342353343964,21045799.057817202,0.04390384720444157,0.7215992549468195,0.048537720765106984,1,56926640.74402585,0.0006834483841337919,0.01572705053730706,0.01566242400739673
16,1001,Bojongloa Kidul,479361158.4838079,-0.005081631243228912,10500237.036271133,0.021904647154731487,0.5131007766732496,0.03662131805770206,1,28402020.747646414,0.0005012611554793908,0.016088038576870887,0.015990984586546086
16,1001,Astanaanyar,479361158.4838079,-0.7256003022193909,5474213.629906108,0.011419810581275992,0.3133484837266469,0.02898309846701122,1,14807163.73892984,0.0003929048687575731,0.015782298216952397,0.01569173221849938
16,1001,Regol,479361158.4838079,0.30696287751197815,17406431.382773712,0.0363117267110862,0.33611620651621477,0.033277966594647976,1,18326632.15949979,0.0011582401770914939,0.02893061656437237,0.029164784771800633
16,1001,Lengkong,479361158.4838079,-0.44894394278526306,4960571.053267276,0.010348295779652402,0.30784616282945204,0.027938421407823075,1,13417815.377728334,0.0003773158483262952,0.01569934959805004,0.015610198761064864
16,1001,Bandung Kidul,479361158.4838079,0.4825279712677002,11296626.598768014,0.023566003208308744,0.16385507173576583,0.02368034306376128,1,11296626.598768016,0.0009402326785802209,0.03055606006899571,0.030893160308176792
16,1001,Buahbatu,479361158.4838079,-0.14750619232654572,16661280.286411582,0.03475725972273236,0.6428622940877288,0.039826624024634535,1,45066985.32065355,0.000591050554705842,0.01577062759139166,0.015735404351947178
16,1001,Rancasari,479361158.4838079,-0.08763666450977325,12631411.707433123,0.02635051147528423,0.5409571191484055,0.037167912621640535,1,34166620.82458875,0.0005039815391981337,0.015850702176484183,0.01575714518347395
16,1001,Gedebage,479361158.4838079,1.9075074195861816,8483102.082105381,0.0176966822029072,0.19205441297541265,0.018430358297247415,1,8483102.082105383,0.0006919870269603405,0.030686726394524026,0.03095401100327465
16,1001,Cibiru,479361158.4838079,0.6831347346305847,18625473.525439303,0.03885478244493279,0.3463681683291637,0.031181618828972864,1,18625473.525439307,0.001140119192772019,0.03048714798846738,0.030728304025864097
16,1001,Panyileukan ,479361158.4838079,-0.524066150188446,1750003.4024419037,0.0036506992097087403,0.17009787344203361,0.01588595076131946,1,4733572.46821331,0.00023231277073247297,0.015703784747549975,0.015662629079761823
16,1001,Ujung Berung,479361158.4838079,0.9518893957138062,45121894.1845827,0.09412922466914234,0.44444211650860865,0.03750639393972532,1,45121894.18458271,0.001455392404557083,0.03043030215047701,0.030744600815392112
16,1001,Cinambo,479361158.4838079,-1.5816473960876465,613776.186746094,0.001280404504794325,0.13173529393439337,0.010776230714360718,1,1660199.0917116024,0.00014818803432263517,0.015617042758497873,0.015542766743897518
16,1001,Arcamanik,479361158.4838079,-1.5839107036590576,11279437.120145543,0.02353014406887233,0.47682016456853393,0.032230878744553694,1,30509673.829412267,0.00046851581884124825,0.01565175758412174,0.0156091735400566
16,1001,Antapani,479361158.4838079,-0.9006171226501465,9860730.953545213,0.020570567262341705,0.32527472773063887,0.033204820177972785,1,26672225.03283674,0.00046863336493290533,0.015723342603873067,0.015660276003090962
16,1001,Mandalajati,479361158.4838079,-0.713948130607605,9156625.555339158,0.0191017261062641,0.5178618148517512,0.029649894357416474,1,24767695.062770467,0.00043298852529737893,0.015680126966279302,0.01563909788256421
16,1001,Kiaracondong,479361158.4838079,-0.4796449840068817,24302991.493713763,0.05069870819442848,0.7460654133684904,0.04991526550470504,1,65736998.72202667,0.0007215617196981605,0.01568208786684896,0.015635029123498165
16,1001,Batununggal,479361158.4838079,1.9618672132492065,52569459.56841153,0.10966566364009496,0.6582855205068779,0.04542147654131469,1,52569459.56841154,0.0017798408176924374,0.03047593271714774,0.030800011848404533
16,1001,Sumur Bandung ,479361158.4838079,-1.9014123678207397,1176824.6386500697,0.002454985385908819,0.1331017189251521,0.01319516639778602,1,3183185.0736152953,0.0001944793096173242,0.01578520738120256,0.0157453938261217
16,1001,Andir,479361158.4838079,-1.7309927940368652,11699146.590546206,0.02440570409907624,0.3955772194774235,0.03712303473227439,1,31644943.16144028,0.0005526517449724507,0.015807073996408086,0.01577224408129619
16,1001,Cicendo,479361158.4838079,-1.2909326553344727,10532843.169392131,0.021972667127864335,0.4258643575144133,0.03737440573728917,1,28490216.85847745,0.000525985284485807,0.015811982457373596,0.0157433956756518
16,1001,Bandung Wetan,479361158.4838079,-1.3111200332641602,577961.2776856694,0.001205690672798205,0.06685054494214804,0.011231141287670778,1,1563323.5843592002,0.00015298508435610182,0.015782380398999343,0.01569483492829553
16,1001,Cibeunying Kidul,479361158.4838079,1.1492738723754883,45162545.30253107,0.09421402736378899,0.7116999877130711,0.04559623179295288,1,45162545.30253108,0.0016719335938604812,0.030549355701679597,0.03079200728349881
16,1001,Cibeunying Kaler,479361158.4838079,-0.3187463879585266,4772540.271556662,0.009956042927324224,0.212469341250332,0.028203240740256447,1,12909212.17716311,0.00038229201943121657,0.015703621202583742,0.015616575633276245
16,1001,Coblong,479361158.4838079,0.05975900590419769,19074867.9142629,0.0397922684737237,0.6935298107581369,0.042452165522873966,1,45997331.64168851,0.0007042488393728531,0.016570244460977785,0.016569927462533867
16,1001,Sukajadi,479361158.4838079,-1.055782675743103,12995215.914250167,0.027109446988473777,0.5308909303321445,0.03975711997253613,1,35150672.38403508,0.000573502409701162,0.015651476459817997,0.015604413284901027
16,1001,Sukasari,479361158.4838079,1.2128167152404785,16190186.744309522,0.03377450687810869,0.28377229022044137,0.031238602553970925,1,16190186.744309524,0.0011539728575333454,0.030710446884502415,0.03095702998131689
16,1001,Cidadap,479361158.4838079,-0.6557183861732483,2513137.4136222475,0.0052426805325053,0.173760803579891,0.021065342928743753,1,6797768.537683745,0.00030024395307685095,0.015711438934889792,0.015654792254479643
17,1001,Bandung Kulon,414026144.1915165,0.010769158601760864,27608581.65966955,0.06668318425538514,0.9830746714495942,0.055076322357856144,1,97288652.71159296,0.0006073125496227571,0.015624338831647402,0.01546117514162817
17,1001,Babakan Ciparay,414026144.1915165,-0.8506079912185669,27776563.465263385,0.0670889117872101,0.9029163829656365,0.059366121642288126,1,99188097.32326348,0.0006146683427290451,0.01571182409470541,0.01551029067514466
17,1001,Bojongloa Kaler,414026144.1915165,-0.03307957202196121,15941695.547776408,0.038504079443838796,0.6667269625345718,0.049792996647448726,1,56926640.74402585,0.0005176960034897661,0.01566242400739673,0.015465816625042237
17,1001,Bojongloa Kidul,414026144.1915165,-0.04729631543159485,7953681.471150649,0.019210577840880275,0.4696676970775545,0.03390411940577034,1,28402020.747646414,0.00037969348223017085,0.015990984586546086,0.015823907025220615
17,1001,Astanaanyar,414026144.1915165,-0.7293882966041565,4146587.4881588975,0.01001527934004285,0.27644013090495173,0.027687915924810402,1,14807163.73892984,0.000297616155117938,0.01569173221849938,0.01551293195094707
17,1001,Regol,414026144.1915165,0.3121057152748108,15679603.5666941,0.03787104700190423,0.340046372926284,0.030992250095254803,1,18326632.15949979,0.00104333544380527,0.029164784771800633,0.02933461091713896
17,1001,Lengkong,414026144.1915165,-0.4621680974960327,3757515.371930067,0.009075550963738051,0.28535164191453416,0.02783203941903711,1,13417815.377728334,0.0002858078404551981,0.015610198761064864,0.01540894650565808
17,1001,Bandung Kidul,414026144.1915165,0.500464677810669,11296626.598768016,0.027284814636107917,0.17365273165056264,0.023951384121115662,1,11296626.598768016,0.000940232678580221,0.030893160308176792,0.03120319500554198
17,1001,Buahbatu,414026144.1915165,-0.14127419888973236,12620526.169258712,0.030482437754995543,0.6811111856998066,0.042914146128482704,1,45066985.32065355,0.0004477068307351857,0.015735404351947178,0.015537159312695907
17,1001,Rancasari,414026144.1915165,-0.07058602571487427,9567995.932362685,0.023109641906905298,0.5710479845852812,0.03639879124726072,1,34166620.82458875,0.0003817541086239792,0.01575714518347395,0.015560936501277801
17,1001,Gedebage,414026144.1915165,1.9120190143585205,8483102.082105383,0.020489290836139432,0.22711762909076563,0.017850169454202914,1,8483102.082105383,0.0006919870269603406,0.03095401100327465,0.031248266130912642
17,1001,Cibiru,414026144.1915165,0.6963311433792114,18625473.525439307,0.04498622559647755,0.39609367294156295,0.029296958935257512,1,18625473.525439307,0.0011401191927720193,0.030728304025864097,0.031032952612570393
17,1001,Panyileukan ,414026144.1915165,-0.5206511616706848,1325586.2308986213,0.003201696920582492,0.1576495562559384,0.016564536925986362,1,4733572.46821331,0.000175971435092737,0.015662629079761823,0.01547850527406346
17,1001,Ujung Berung,414026144.1915165,0.9821793437004089,45121894.18458271,0.1089832002582683,0.46597242301874675,0.03613167668572795,1,45121894.18458271,0.0014553924045570832,0.030744600815392112,0.031087028121740124
17,1001,Cinambo,414026144.1915165,-1.581730842590332,464920.9600785867,0.001122926575051086,0.1221593312268614,0.010800505934216005,1,1660199.0917116024,0.00011224893483516457,0.015542766743897518,0.015351879328239532
17,1001,Arcamanik,414026144.1915165,-1.609783411026001,8543907.124916632,0.02063615364580568,0.48830796993037656,0.03455312810341189,1,30509673.829412267,0.00035488966338439407,0.0156091735400566,0.015408077333273127
17,1001,Antapani,414026144.1915165,-0.9121747016906738,7469270.7227746695,0.0180405774552237,0.3314147484664904,0.03282689477045145,1,26672225.03283674,0.000354978701771622,0.015660276003090962,0.015486372483868829
17,1001,Mandalajati,414026144.1915165,-0.7219153642654419,6935927.519178056,0.01675239019681254,0.47856061943803385,0.03073610254595569,1,24767695.062770467,0.00032797857791042734,0.01563909788256421,0.015458656051335892
17,1001,Kiaracondong,414026144.1915165,-0.4874533712863922,18408941.861918908,0.044463235281594835,0.7830416749846347,0.0526651520943076,1,65736998.72202667,0.0005465659546951455,0.015635029123498165,0.015438729228982692
17,1001,Batununggal,414026144.1915165,1.9654388427734375,52569459.56841154,0.12697135266920348,0.5699736105553311,0.047740332329572435,1,52569459.56841154,0.0017798408176924376,0.030800011848404533,0.031053656332907444
17,1001,Sumur Bandung ,414026144.1915165,-1.9316128492355347,891416.8595329723,0.0021530448548694276,0.13237881975061383,0.013787367791754903,1,3183185.0736152953,0.0001473134821701886,0.0157453938261217,0.01556057530318395
17,1001,Andir,414026144.1915165,-1.7182416915893555,8861827.132480355,0.02140402787796205,0.39101663070096926,0.03783134675731811,1,31644943.16144028,0.0004186206395915263,0.01577224408129619,0.015606068878755205
17,1001,Cicendo,414026144.1915165,-1.289365530014038,7978379.846621081,0.019270231985472185,0.4224789975169509,0.03809946702850645,1,28490216.85847745,0.00039842142580795746,0.0157433956756518,0.015546148354591163
17,1001,Bandung Wetan,414026144.1915165,-1.3339781761169434,437792.0126461766,0.0010574018544192868,0.06923356870956615,0.010945636131982983,1,1563323.5843592002,0.00011588258689802462,0.01569483492829553,0.015507174461040283
17,1001,Cibeunying Kidul,414026144.1915165,1.1472326517105103,45162545.30253108,0.10908138516402527,0.6376079871185122,0.044363806011668394,1,45162545.30253108,0.0016719335938604816,0.03079200728349881,0.03105843923020737
17,1001,Cibeunying Kaler,414026144.1915165,-0.29831191897392273,3615086.497293083,0.00873154158984909,0.21070503238705376,0.02650098918226544,1,12909212.17716311,0.0002895771724976816,0.015616575633276245,0.015450558163269441
17,1001,Coblong,414026144.1915165,0.05807996541261673,14843837.506974157,0.03585241588054842,0.613325027479893,0.04620792785507089,1,45997331.64168851,0.0005480381506762185,0.016569927462533867,0.016391626676559058
17,1001,Sukajadi,414026144.1915165,-1.0788993835449219,9843569.02360739,0.023775235360629882,0.5224758549162685,0.03913482530178018,1,35150672.38403508,0.00043441452549534585,0.015604413284901027,0.015447639469938962
17,1001,Sukasari,414026144.1915165,1.23585045337677,16190186.744309524,0.03910426182366979,0.272242726219811,0.031241978573002333,1,16190186.744309524,0.0011539728575333454,0.03095702998131689,0.031194976566745566
17,1001,Cidadap,414026144.1915165,-0.6579121947288513,1903642.2141838775,0.004597879242387427,0.1810777742322991,0.02192149641481866,1,6797768.537683745,0.00022742770074268931,0.015654792254479643,0.015457307058879571
18,1001,Bandung Kulon,501534401.3124077,-0.004109393805265427,39054021.263677984,0.07786907769732647,1.0,0.05774955902172409,1,97288652.71159296,0.0008590806119284555,0.01546117514162817,0.015443598152218522
18,1001,Babakan Ciparay,501534401.3124077,-0.838599443435669,39816504.33015918,0.07938937832772379,0.9030866266349147,0.05605803578144256,1,99188097.32326348,0.0008811005278060853,0.01551029067514466,0.015521298604885174
18,1001,Bojongloa Kaler,501534401.3124077,-0.07655967026948929,22851732.202290267,0.04556363859087671,0.6425797651591033,0.046749365719152565,1,56926640.74402585,0.0007420948667906393,0.015465816625042237,0.015483620203929342
18,1001,Bojongloa Kidul,501534401.3124077,0.005852751433849335,11603086.594916496,0.023135175901301513,0.39639862000313775,0.03707763601954329,1,28402020.747646414,0.0005539090759193686,0.015823907025220615,0.0157947540180076
18,1001,Astanaanyar,501534401.3124077,-0.7269368767738342,5943954.113839009,0.011851538196153562,0.28587605054169724,0.028159207327057876,1,14807163.73892984,0.00042661990723935427,0.01551293195094707,0.01550366092938203
18,1001,Regol,501534401.3124077,0.3020308315753937,17772055.7126661,0.035435367277220575,0.35453501741230786,0.031899765037034934,1,18326632.15949979,0.0011825691609763018,0.02933461091713896,0.02961903445923795
18,1001,Lengkong,501534401.3124077,-0.44607019424438477,5386236.035432993,0.010739514620210243,0.21552770139988683,0.026667833496116018,1,13417815.377728334,0.00040969319805559084,0.01540894650565808,0.015411089341251611
18,1001,Bandung Kidul,501534401.3124077,0.482567697763443,11296626.598768016,0.02252413108494088,0.19858371696314375,0.02566746631824921,1,11296626.598768016,0.000940232678580221,0.03120319500554198,0.03141361553833059
18,1001,Buahbatu,501534401.3124077,-0.13088040053844452,18090979.306910884,0.036071263027163604,0.716418114409557,0.04036193493026181,1,45066985.32065355,0.0006417684097927459,0.015537159312695907,0.015553473277798503
18,1001,Rancasari,501534401.3124077,-0.09926909953355789,13715309.021156907,0.0273466964285339,0.5423692614168294,0.037045438941843534,1,34166620.82458875,0.0005472280304974219,0.015560936501277801,0.015535519839063495
18,1001,Gedebage,501534401.3124077,1.9058104753494263,8483102.082105383,0.016914297523573516,0.2177373938773618,0.017896714355801542,1,8483102.082105383,0.0006919870269603406,0.031248266130912642,0.03151879614163129
18,1001,Cibiru,501534401.3124077,0.7024281024932861,18625473.525439307,0.0371369809861506,0.3759648449956011,0.029125365307518362,1,18625473.525439307,0.0011401191927720193,0.031032952612570393,0.031322630389419945
18,1001,Panyileukan ,501534401.3124077,-0.5238096117973328,1900170.6229274848,0.003788714429070363,0.1433951711992084,0.016205715478047788,1,4733572.46821331,0.00025224745372538657,0.01547850527406346,0.015485336636670266
18,1001,Ujung Berung,501534401.3124077,0.9559234380722046,45121894.18458271,0.08996769526977295,0.4633349982211184,0.03800657013576413,1,45121894.18458271,0.0014553924045570832,0.031087028121740124,0.03135139764152033
18,1001,Cinambo,501534401.3124077,-1.5843348503112793,666444.1208971306,0.0013288103849969008,0.11627323341103724,0.010704034737794764,1,1660199.0917116024,0.000160904001155843,0.015351879328239532,0.01534414231218754
18,1001,Arcamanik,501534401.3124077,-1.5841000080108643,12247321.936032565,0.024419704618434863,0.37178445191396164,0.032968229393135706,1,30509673.829412267,0.0005087190082583339,0.015408077333273127,0.015412640941307178
18,1001,Antapani,501534401.3124077,-0.8970088958740234,10706877.056566391,0.021348240576416686,0.41104937308602507,0.034216029954754895,1,26672225.03283674,0.0005088466409417305,0.015486372483868829,0.015467646127291294
18,1001,Mandalajati,501534401.3124077,-0.7047858834266663,9942352.604071666,0.019823869664881744,0.4860083876290515,0.030486476864152224,1,24767695.062770467,0.00047014312925719416,0.015458656051335892,0.015461123868378765
18,1001,Kiaracondong,501534401.3124077,-0.4718327522277832,26388423.25744822,0.0526153802977331,0.7893230914390951,0.051405423385639096,1,65736998.72202667,0.0007834786952335643,0.015438729228982692,0.015435462881925727
18,1001,Batununggal,501534401.3124077,1.9480178356170654,52569459.56841154,0.10481725566750469,0.5896781965950874,0.04874287957658689,1,52569459.56841154,0.0017798408176924376,0.031053656332907444,0.03126494343707228
18,1001,Sumur Bandung ,501534401.3124077,-1.8980441093444824,1277807.5765908982,0.0025477964686911815,0.14003417577541263,0.014132877684868041,1,3183185.0736152953,0.00021116751566677377,0.01556057530318395,0.0155417110824632
18,1001,Andir,501534401.3124077,-1.7365316152572632,12703046.53902874,0.025328365324068694,0.4319661012330246,0.04096819853663205,1,31644943.16144028,0.0006000746107355783,0.015606068878755205,0.01557399115787034
18,1001,Cicendo,501534401.3124077,-1.2816948890686035,11436663.00217138,0.02280334703311297,0.40450285338290126,0.03663772485419694,1,28490216.85847745,0.0005711199099827271,0.015546148354591163,0.015551435061893788
18,1001,Bandung Wetan,501534401.3124077,-1.3036389350891113,627555.946185883,0.0012512719856179438,0.0668638803025021,0.010930600741044178,1,1563323.5843592002,0.00016611268448616534,0.015507174461040283,0.015499831367022772
18,1001,Cibeunying Kidul,501534401.3124077,1.1527585983276367,45162545.30253108,0.09004874876848011,0.6263327348931176,0.04493747087087468,1,45162545.30253108,0.0016719335938604816,0.03105843923020737,0.03129106577998141
18,1001,Cibeunying Kaler,501534401.3124077,-0.32806825637817383,5182070.393746787,0.010332432591236859,0.2158462846226829,0.027915402575342706,1,12909212.17716311,0.0004150963727780161,0.015450558163269441,0.015433114199464346
18,1001,Coblong,501534401.3124077,0.04259740188717842,19933381.60698595,0.0397447942849475,0.5170485848083004,0.042836546856106016,1,45997331.64168851,0.0007359453771629694,0.016391626676559058,0.016422965145914063
18,1001,Sukajadi,501534401.3124077,-1.0593000650405884,14110331.148157675,0.028134323610173047,0.48527434674869274,0.041699091854836404,1,35150672.38403508,0.0006227144641957051,0.015447639469938962,0.015432711375525484
18,1001,Sukasari,501534401.3124077,1.2076245546340942,16190186.744309524,0.03228130852428724,0.2322009128253952,0.02952396546521792,1,16190186.744309524,0.0011539728575333454,0.031194976566745566,0.031478830891692185
18,1001,Cidadap,501534401.3124077,-0.6450966596603394,2728788.914399546,0.005440880839397841,0.17565736128616363,0.02017615194224827,1,6797768.537683745,0.0003260077886432511,0.015457307058879571,0.015484740381040585
19,1001,Bandung Kulon,475750208.60568696,0.009127635508775711,35835035.55011308,0.07532321563271033,0.9991514424056072,0.0536762840282358,1,97288652.71159296,0.0007882718161343535,0.015443598152218522,0.01541421211061516
19,1001,Babakan Ciparay,475750208.60568696,-0.8728778958320618,36220919.39312115,0.07613432162074343,0.7530779237240393,0.05990982915395644,1,99188097.32326348,0.0008015337290854817,0.015521298604885174,0.015439266638081844
19,1001,Bojongloa Kaler,475750208.60568696,-0.06354369968175888,20788132.05772546,0.04369547649521927,0.6589477461566347,0.048754213875206946,1,56926640.74402585,0.0006750808189786978,0.015483620203929342,0.015422040792339156
19,1001,Bojongloa Kidul,475750208.60568696,-0.023659564554691315,10371680.996656984,0.021800686177424842,0.43496423928760686,0.03480575654174305,1,28402020.747646414,0.0004951241369779754,0.0157947540180076,0.015736662375563
19,1001,Astanaanyar,475750208.60568696,-0.7483686804771423,5407191.9786965605,0.011365611366821637,0.3166037628177194,0.028669865564535477,1,14807163.73892984,0.00038809447317334845,0.01550366092938203,0.015428886808477654
19,1001,Regol,475750208.60568696,0.31531280279159546,17323382.404551513,0.036412768909386946,0.36812887713655484,0.032758420697477454,1,18326632.15949979,0.001152714020630811,0.02961903445923795,0.0298075901898246
19,1001,Lengkong,475750208.60568696,-0.4559060335159302,4899838.008229362,0.0102991820488942,0.252036989477322,0.026031615465242876,1,13417815.377728334,0.0003726963115504181,0.015411089341251611,0.015369966846375113
19,1001,Bandung Kidul,475750208.60568696,0.5073875784873962,11296626.598768016,0.023744869459701966,0.22198608739621295,0.02346802726713616,1,11296626.598768016,0.000940232678580221,0.03141361553833059,0.031689850355546
19,1001,Buahbatu,475750208.60568696,-0.1448306441307068,16457293.633431885,0.034592299353192885,0.7581973604819513,0.04304726294365396,1,45066985.32065355,0.0005838142305864664,0.015553473277798503,0.015477721434636018
19,1001,Rancasari,475750208.60568696,-0.09285828471183777,12476763.363949625,0.026225450117018576,0.5929518756577148,0.03435181275689989,1,34166620.82458875,0.0004978112146145885,0.015535519839063495,0.015496195669718259
19,1001,Gedebage,475750208.60568696,1.9462307691574097,8483102.082105383,0.017831000236379044,0.25928554449471936,0.018040465776096307,1,8483102.082105383,0.0006919870269603406,0.03151879614163129,0.03174530885047512
19,1001,Cibiru,475750208.60568696,0.7080075740814209,18625473.525439307,0.03914969071695466,0.30979107930377964,0.028746149196789503,1,18625473.525439307,0.0011401191927720193,0.031322630389419945,0.03159047366502136
19,1001,Panyileukan ,475750208.60568696,-0.5284870862960815,1728577.837861591,0.0036333727376129795,0.158846991646474,0.015926245942490574,1,4733572.46821331,0.00022946852924973378,0.015485336636670266,0.015444819522098585
19,1001,Ujung Berung,475750208.60568696,0.9924955368041992,45121894.18458271,0.094843666630908,0.619598884739837,0.036285132957487774,1,45121894.18458271,0.0014553924045570832,0.03135139764152033,0.0316305777816826
19,1001,Cinambo,475750208.60568696,-1.592483639717102,606261.6291694421,0.0012743276160535036,0.11210922233531807,0.010887515775236351,1,1660199.0917116024,0.000146373745107552,0.01534414231218754,0.01527204660713993
19,1001,Arcamanik,475750208.60568696,-1.6336698532104492,11141341.212383285,0.02341846837027347,0.401695159088929,0.03297097375925636,1,30509673.829412267,0.00046277970660313817,0.015412640941307178,0.015361054725787778
19,1001,Antapani,475750208.60568696,-0.9245558977127075,9740004.486636939,0.02047293792089471,0.48584699872027887,0.03246946016943593,1,26672225.03283674,0.0004628958135596631,0.015467646127291294,0.015422228060036165
19,1001,Mandalajati,475750208.60568696,-0.7326281070709229,9044519.560630858,0.01901106798699729,0.49362502813757514,0.030590254439115908,1,24767695.062770467,0.000427687379254835,0.015461123868378765,0.015405615036405123
19,1001,Kiaracondong,475750208.60568696,-0.49575766921043396,24005446.17864936,0.050458088602848394,0.7840650889907056,0.05342675178737664,1,65736998.72202667,0.0007127275270317335,0.015435462881925727,0.01535536040152382
19,1001,Batununggal,475750208.60568696,1.9978762865066528,52569459.56841154,0.1104980273628894,0.7279435040091795,0.04425405492820989,1,52569459.56841154,0.0017798408176924376,0.03126494343707228,0.03154883806759906
19,1001,Sumur Bandung ,475750208.60568696,-1.945590615272522,1162416.5910657526,0.0024433338546976675,0.12966293042421254,0.014112267722747759,1,3183185.0736152953,0.0001920982690993879,0.0155417110824632,0.015468478018011902
19,1001,Andir,475750208.60568696,-1.7578988075256348,11555912.114281459,0.0242898729317411,0.40336087541618965,0.03725592672436451,1,31644943.16144028,0.0005458855434691809,0.01557399115787034,0.015539031735988917
19,1001,Cicendo,475750208.60568696,-1.3161556720733643,10403887.927805047,0.021868383323039246,0.4029757669478078,0.03664539230751528,1,28490216.85847745,0.0005195455646170801,0.015551435061893788,0.015499960384276435
19,1001,Bandung Wetan,475750208.60568696,-1.3573808670043945,570885.2076262082,0.0011999683810950703,0.07167241881433684,0.010899794632536501,1,1563323.5843592002,0.0001511120641093283,0.015499831367022772,0.015438290706982367
19,1001,Cibeunying Kidul,475750208.60568696,1.1756107807159424,45162545.30253108,0.09492911297903994,0.598899032826608,0.04172421639700577,1,45162545.30253108,0.0016719335938604816,0.03129106577998141,0.031570490273065695
19,1001,Cibeunying Kaler,475750208.60568696,-0.32078832387924194,4714109.316703834,0.00990879085585646,0.22162356587508317,0.025679709427787734,1,12909212.17716311,0.0003776115586164362,0.015433114199464346,0.015404943762817112
19,1001,Coblong,475750208.60568696,0.05136509984731674,18528839.01079754,0.03894657043893108,0.4868067428086524,0.044943498470972586,1,45997331.64168851,0.0006840893172593618,0.016422965145914063,0.016375752765694085
19,1001,Sukajadi,475750208.60568696,-1.1001545190811157,12836113.459125016,0.026980783669532535,0.5560797772729391,0.03908861938887668,1,35150672.38403508,0.0005664809302578242,0.015432711375525484,0.015397104321712606
19,1001,Sukasari,475750208.60568696,1.25440514087677,16190186.744309524,0.03403085579669884,0.2910895009896255,0.0315617812034194,1,16190186.744309524,0.0011539728575333454,0.031478830891692185,0.031652470725353835
19,1001,Cidadap,475750208.60568696,-0.6592990756034851,2482368.680327427,0.005217798406442472,0.18163806043375674,0.02052292125593675,1,6797768.537683745,0.0002965680195343675,0.015484740381040585,0.01544577475958117
20,1001,Bandung Kulon,439566432.47969395,0.012071147561073303,31131797.835995633,0.07082387447188382,1.0,0.05561131008614841,1,97288652.71159296,0.0006848135754013608,0.01541421211061516,0.015311671367860373
20,1001,Babakan Ciparay,439566432.47969395,-0.8620322942733765,31322790.31437857,0.07125837643625245,0.8610218986526103,0.05668029746838359,1,99188097.32326348,0.0006931428949540824,0.015439266638081844,0.015333341985476428
20,1001,Bojongloa Kaler,439566432.47969395,-0.04132845252752304,17976967.79600262,0.040897044150051375,0.740537253112571,0.05071003898904988,1,56926640.74402585,0.0005837901216318796,0.015422040792339156,0.015285442839031972
20,1001,Bojongloa Kidul,439566432.47969395,-0.04477884620428085,8969125.977724599,0.020404483406814587,0.4480893641342063,0.0371783980790567,1,28402020.747646414,0.00042816885330343343,0.015736662375563,0.015588412019295428
20,1001,Astanaanyar,439566432.47969395,-0.7446632385253906,4675981.266518251,0.01063771234791515,0.2887288632874943,0.026541033222307178,1,14807163.73892984,0.00033561273454827436,0.015428886808477654,0.01534001193502776
20,1001,Regol,439566432.47969395,0.3006678819656372,15970693.870757762,0.036332833198075336,0.3969342641745192,0.03332615813883109,1,18326632.15949979,0.0010627048641025274,0.0298075901898246,0.02987998154660833
20,1001,Lengkong,439566432.47969395,-0.47138842940330505,4237236.411379936,0.009639581410884187,0.3053279591455049,0.027866003051870064,1,13417815.377728334,0.0003222968553319793,0.015369966846375113,0.015238087384216642
20,1001,Bandung Kidul,439566432.47969395,0.5122367739677429,11296626.598768014,0.025699475128346774,0.2191789731990032,0.023464221212867304,1,11296626.598768016,0.0009402326785802209,0.031689850355546,0.031957142122071076
20,1001,Buahbatu,439566432.47969395,-0.14833104610443115,14231785.560916565,0.032376870728348925,0.7055401144060317,0.04304235893198534,1,45066985.32065355,0.0005048654488511697,0.015477721434636018,0.0153486576733548
20,1001,Rancasari,439566432.47969395,-0.07958432286977768,10789539.558880836,0.024545867840759808,0.6296411345140955,0.03524181314277611,1,34166620.82458875,0.0004304925593490086,0.015496195669718259,0.015387441632101562
20,1001,Gedebage,439566432.47969395,1.925342321395874,8483102.082105381,0.01929879411912843,0.24715732619945183,0.01768186761298543,1,8483102.082105383,0.0006919870269603405,0.03174530885047512,0.03198684621313967
20,1001,Cibiru,439566432.47969395,0.702987551689148,18625473.525439303,0.042372374570025254,0.2998977906025647,0.03077589170133899,1,18625473.525439307,0.001140119192772019,0.03159047366502136,0.03177758266574395
20,1001,Panyileukan ,439566432.47969395,-0.5295021533966064,1494823.4905297062,0.003400677076493462,0.16864885890346387,0.016290156580140724,1,4733572.46821331,0.00019843766381046857,0.015444819522098585,0.015336699471246143
20,1001,Ujung Berung,439566432.47969395,0.9828788638114929,45121894.1845827,0.10265090973858006,0.65772978891944,0.038555161144092076,1,45121894.18458271,0.001455392404557083,0.0316305777816826,0.03183704894735173
20,1001,Cinambo,439566432.47969395,-1.5934513807296753,524277.30174442776,0.0011927146001273587,0.12112938109811497,0.010607786405656839,1,1660199.0917116024,0.0001265797280232724,0.01527204660713993,0.015160403438000824
20,1001,Arcamanik,439566432.47969395,-1.623671531677246,9634705.591783008,0.02191865638472767,0.441187364566406,0.03250835356971571,1,30509673.829412267,0.0004001983371640378,0.015361054725787778,0.015261538569160864
20,1001,Antapani,439566432.47969395,-0.9111975431442261,8422870.63132845,0.01916176943679054,0.46410750926312394,0.033568958611847964,1,26672225.03283674,0.00040029874305969705,0.015422228060036165,0.01530410805292855
20,1001,Mandalajati,439566432.47969395,-0.7359063029289246,7821435.635500137,0.017793523475797834,0.4514895327543921,0.030122339442183534,1,24767695.062770467,0.0003698515201977301,0.015405615036405123,0.015303044869274649
20,1001,Kiaracondong,439566432.47969395,-0.49898862838745117,20759206.824543875,0.04722655164416555,0.7549266380783543,0.050477276733118887,1,65736998.72202667,0.0006163458922232749,0.01535536040152382,0.015251982246895657
20,1001,Batununggal,439566432.47969395,1.9821053743362427,52569459.56841153,0.11959388998803956,0.6295675425594995,0.04572317884280297,1,52569459.56841154,0.0017798408176924374,0.03154883806759906,0.031789768368355446
20,1001,Sumur Bandung ,439566432.47969395,-1.9399460554122925,1005223.825070053,0.002286853023328823,0.13045303216279872,0.013475841715423998,1,3183185.0736152953,0.00016612095726918283,0.015468478018011902,0.01536544437897417
20,1001,Andir,439566432.47969395,-1.7387006282806396,9993214.366495816,0.02273425272744743,0.4497379492123885,0.03770703332988756,1,31644943.16144028,0.0004720658310231354,0.015539031735988917,0.015441019089502754
20,1001,Cicendo,439566432.47969395,-1.3070900440216064,8996977.588559523,0.020467844957599544,0.3363319349467777,0.03555277267453178,1,28490216.85847745,0.0004492877887124202,0.015499960384276435,0.015408104195968237
20,1001,Bandung Wetan,439566432.47969395,-1.3596309423446655,493684.8084384125,0.0011231176267337444,0.06595335770452396,0.01085802647564389,1,1563323.5843592002,0.00013067728752816615,0.015438290706982367,0.015324260760787176
20,1001,Cibeunying Kidul,439566432.47969395,1.1645536422729492,45162545.30253107,0.10274338977104988,0.5512262898713802,0.044731086971460984,1,45162545.30253108,0.0016719335938604812,0.031570490273065695,0.0317678348160371
20,1001,Cibeunying Kaler,439566432.47969395,-0.31001973152160645,4076623.6782552544,0.009274192424699257,0.24512523873034403,0.028050912666877953,1,12909212.17716311,0.0003265474170452607,0.015404943762817112,0.015274991286336493
20,1001,Coblong,439566432.47969395,0.053607456386089325,16341207.406242153,0.037175739999202616,0.6007449240473816,0.042375213665454235,1,45997331.64168851,0.0006033214175596988,0.016375752765694085,0.01630710033210686
20,1001,Sukajadi,439566432.47969395,-1.0971734523773193,11100294.997153018,0.025252826824227085,0.5292244511193817,0.03953215657789033,1,35150672.38403508,0.0004898761183552321,0.015397104321712606,0.015299461307903463
20,1001,Sukasari,439566432.47969395,1.2435203790664673,16190186.744309522,0.036832172677465407,0.3921469322653631,0.02943960159551645,1,16190186.744309524,0.0011539728575333454,0.031652470725353835,0.031898011761832906
20,1001,Cidadap,439566432.47969395,-0.6546924710273743,2146679.7353477264,0.004883629815038012,0.2258142464186589,0.022236536615048437,1,6797768.537683745,0.0002564633379126674,0.01544577475958117,0.015309123555797464
21,1001,Bandung Kulon,470081865.70240027,0.018246274441480637,35356835.658333145,0.07521420892401937,0.9312501878905483,0.055926223922481574,1,97288652.71159296,0.0007777527391645126,0.015311671367860373,0.015264016756920424
21,1001,Babakan Ciparay,470081865.70240027,-0.8621390461921692,35413443.13398641,0.07533462938646092,0.8286471804054999,0.05741809444534373,1,99188097.32326348,0.0007836650645685016,0.015333341985476428,0.01527640958547696
21,1001,Bojongloa Kaler,470081865.70240027,-0.025855815038084984,20324700.33402496,0.04323651222677059,0.7333335547803079,0.04729780609559056,1,56926640.74402585,0.0006600311807183819,0.015285442839031972,0.01524107317963462
21,1001,Bojongloa Kidul,470081865.70240027,-0.0637558102607727,10140464.166371059,0.02157169826412915,0.5038829108048747,0.03608333965949073,1,28402020.747646414,0.0004840862894403389,0.015588412019295428,0.015514257122468119
21,1001,Astanaanyar,470081865.70240027,-0.7425722479820251,5286648.954815989,0.011246230370781554,0.3239692643735288,0.028864055863871984,1,14807163.73892984,0.00037944264769129303,0.01534001193502776,0.01526387304543231
21,1001,Regol,470081865.70240027,0.2985338270664215,16712737.460260492,0.0355528231987596,0.3856857241994557,0.030517380708783372,1,18326632.15949979,0.0011120811365627067,0.02987998154660833,0.03007815900707419
21,1001,Lengkong,470081865.70240027,-0.46209633350372314,4790605.47267968,0.010191002508725832,0.3201520624976641,0.025387993552203468,1,13417815.377728334,0.0003643877586896312,0.015238087384216642,0.015208676169208008
21,1001,Bandung Kidul,470081865.70240027,0.5093773007392883,11296626.598768014,0.024031189933031136,0.23294133191620883,0.023543627738802485,1,11296626.598768016,0.0009402326785802209,0.031957142122071076,0.03219964739090519
21,1001,Buahbatu,470081865.70240027,-0.16136841475963593,16090409.685667455,0.03422895214565453,0.7409022543792274,0.04065056721370818,1,45066985.32065355,0.0005707992067040767,0.0153486576733548,0.015305110004084388
21,1001,Rancasari,470081865.70240027,-0.07444971799850464,12198617.740480313,0.025949985801415755,0.626037539600742,0.03733090918289729,1,34166620.82458875,0.0004867134638101556,0.015387441632101562,0.015305184694204546
21,1001,Gedebage,470081865.70240027,1.9214808940887451,8483102.082105381,0.0180460100698202,0.24472649559635085,0.01743654815690406,1,8483102.082105383,0.0006919870269603405,0.03198684621313967,0.03222231797466748
21,1001,Cibiru,470081865.70240027,0.7048443555831909,18625473.525439303,0.039621765663325405,0.29612618793786993,0.028642236510606444,1,18625473.525439307,0.001140119192772019,0.03177758266574395,0.03202108576009073
21,1001,Panyileukan ,470081865.70240027,-0.5163530707359314,1690042.4944874863,0.0035952088727400936,0.1336675400178325,0.016657655868432496,1,4733572.46821331,0.00022435296640118516,0.015336699471246143,0.01527301518745281
21,1001,Ujung Berung,470081865.70240027,0.9822810888290405,45121894.1845827,0.0959873108850119,0.6430610323261358,0.03732348094401127,1,45121894.18458271,0.001455392404557083,0.03183704894735173,0.03205852007963226
21,1001,Cinambo,470081865.70240027,-1.5782933235168457,592746.1833833905,0.0012609424583901025,0.11685776084509807,0.01028380053620218,1,1660199.0917116024,0.0001431106218595697,0.015160403438000824,0.015118996491337624
21,1001,Arcamanik,470081865.70240027,-1.623417615890503,10892966.276720347,0.02317248775475307,0.5240363592904862,0.034713484132410675,1,30509673.829412267,0.0004524629164014422,0.015261538569160864,0.015184046233905958
21,1001,Antapani,470081865.70240027,-0.9097579717636108,9522869.678393533,0.020257896279756257,0.536839934965701,0.03394519232993756,1,26672225.03283674,0.00045257643497499705,0.01530410805292855,0.015236523830167596
21,1001,Mandalajati,470081865.70240027,-0.7312666177749634,8842889.261266448,0.01881138139216098,0.4337516966029278,0.03133444601317716,1,24767695.062770467,0.0004181529055068986,0.015303044869274649,0.015235965041969366
21,1001,Kiaracondong,470081865.70240027,-0.5018866658210754,23470290.57785372,0.049928091871368444,0.5924403775682476,0.05214032000179904,1,65736998.72202667,0.0006968386272756651,0.015251982246895657,0.015187550647161995
21,1001,Batununggal,470081865.70240027,1.9778156280517578,52569459.56841153,0.11183043508785817,0.7492015521315246,0.044381080118571746,1,52569459.56841154,0.0017798408176924374,0.031789768368355446,0.03204039030199355
21,1001,Sumur Bandung ,470081865.70240027,-1.9330650568008423,1136502.7319965598,0.0024176698037444776,0.13766379125076486,0.013800011823978239,1,3183185.0736152953,0.0001878158048682869,0.01536544437897417,0.015305939468275177
21,1001,Andir,470081865.70240027,-1.725255012512207,11298295.11169643,0.02403473934229397,0.5060709202092738,0.03921058909259012,1,31644943.16144028,0.0005337160672675375,0.015441019089502754,0.01537881529277514
21,1001,Cicendo,470081865.70240027,-1.3030102252960205,10171953.105465984,0.021638684339092655,0.32588856987606374,0.038331482389257494,1,28490216.85847745,0.0005079632879660153,0.015408104195968237,0.015333485562967519
21,1001,Bandung Wetan,470081865.70240027,-1.3623534440994263,558158.4116317113,0.00118736427068444,0.06379767560473103,0.011311529216714836,1,1563323.5843592002,0.0001477433090837366,0.015324260760787176,0.015245404915501155
21,1001,Cibeunying Kidul,470081865.70240027,1.1559008359909058,45162545.30253107,0.09607378756261704,0.5464675384495955,0.0419951552533766,1,45162545.30253108,0.0016719335938604812,0.0317678348160371,0.03201174381101727
21,1001,Cibeunying Kaler,470081865.70240027,-0.3005360960960388,4609017.247811536,0.009804711868484237,0.24943419619316076,0.025678614910302388,1,12909212.17716311,0.00036919342970456916,0.015274991286336493,0.01524518099623344
21,1001,Coblong,470081865.70240027,0.06261062622070312,18555398.18875081,0.03947269516773463,0.5961809823078356,0.044734054254809405,1,45997331.64168851,0.0006850698886757595,0.01630710033210686,0.016271920879105433
21,1001,Sukajadi,470081865.70240027,-1.0892540216445923,12549956.81121365,0.026697385555304078,0.5743167597755483,0.03938658904282487,1,35150672.38403508,0.0005538523192203411,0.015299461307903463,0.015258296828813573
21,1001,Sukasari,470081865.70240027,1.2415945529937744,16190186.744309522,0.034441206788775,0.3879623386325418,0.030553329712696062,1,16190186.744309524,0.0011539728575333454,0.031898011761832906,0.032084664415377794
21,1001,Cidadap,470081865.70240027,-0.6598231792449951,2427029.0089615835,0.005162992206336436,0.2034249212013054,0.020180672284534164,1,6797768.537683745,0.0002899566016298819,0.015309123555797464,0.015277886547373196
22,1001,Bandung Kulon,526006201.39522743,-0.0059073977172374725,42345425.059324645,0.08050366126293518,1.0,0.055913086672947296,1,97288652.71159296,0.0009314824055306307,0.015264016756920424,0.015308260476337954
22,1001,Babakan Ciparay,526006201.39522743,-0.861811637878418,43172168.84923271,0.08207539898715807,0.7105552427965527,0.06015709624729033,1,99188097.32326348,0.0009553581209483414,0.01527640958547696,0.015297005188368646
22,1001,Bojongloa Kaler,526006201.39522743,-0.0741783156991005,24777635.75009398,0.04710521603047929,0.5850552404464486,0.048980950132392544,1,56926640.74402585,0.000804637308829925,0.01524107317963462,0.015279366061548123
22,1001,Bojongloa Kidul,526006201.39522743,-0.009114518761634827,12362136.873949444,0.02350188427657121,0.5243397682850689,0.03508081650326147,1,28402020.747646414,0.0005901446788510647,0.015514257122468119,0.015555630420674241
22,1001,Astanaanyar,526006201.39522743,-0.7284713983535767,6444900.047148946,0.012252517232789077,0.326937648052426,0.029056039210167937,1,14807163.73892984,0.00046257467800433024,0.01526387304543231,0.015286087047490259
22,1001,Regol,526006201.39522743,0.3295065462589264,18326632.159499787,0.034841095239730134,0.40057693415117945,0.031110686307463314,1,18326632.15949979,0.001219471194935262,0.03007815900707419,0.03035815644803676
22,1001,Lengkong,526006201.39522743,-0.44902825355529785,5840178.476125037,0.011102870005399194,0.26406101676245014,0.027402886555960355,1,13417815.377728334,0.0004442214157268636,0.015208676169208008,0.015241486061736375
22,1001,Bandung Kidul,526006201.39522743,0.48797333240509033,11296626.598768014,0.021476223224752483,0.23060704172537155,0.023729129617195907,1,11296626.598768016,0.0009402326785802209,0.03219964739090519,0.03242619488324627
22,1001,Buahbatu,526006201.39522743,-0.11707407236099243,19615655.02610784,0.03729168016285258,0.7455191352118157,0.040666962430638935,1,45066985.32065355,0.0006958555155905427,0.015305110004084388,0.015360988458374218
22,1001,Rancasari,526006201.39522743,-0.08557046204805374,14871210.992580459,0.028271930926165294,0.5697761021096565,0.03456769262648815,1,34166620.82458875,0.0005933474404425025,0.015305184694204546,0.015362526949412024
22,1001,Gedebage,526006201.39522743,1.9367587566375732,8483102.082105381,0.016127380360923538,0.27233755878249327,0.018370127246621556,1,8483102.082105383,0.0006919870269603405,0.03222231797466748,0.03239743164627399
22,1001,Cibiru,526006201.39522743,0.7106126546859741,18625473.525439303,0.03540922802057348,0.30694966873522084,0.030096907803968634,1,18625473.525439307,0.001140119192772019,0.03202108576009073,0.03220721172464477
22,1001,Panyileukan ,526006201.39522743,-0.529415488243103,2060313.6401715635,0.003916899904804539,0.1579002685323458,0.01717788759826831,1,4733572.46821331,0.00027350642270654264,0.01527301518745281,0.01529500390935886
22,1001,Ujung Berung,526006201.39522743,0.9766734838485718,45121894.1845827,0.0857820574451351,0.7666352184695407,0.03770157100189748,1,45121894.18458271,0.001455392404557083,0.03205852007963226,0.03226279741774469
22,1001,Cinambo,526006201.39522743,-1.600278615951538,722610.8519565848,0.0013737686932965146,0.11707213408982374,0.010408878640652016,1,1660199.0917116024,0.00017446470561092113,0.015118996491337624,0.015170281110454329
22,1001,Arcamanik,526006201.39522743,-1.6284353733062744,13279504.553914608,0.025245908733948053,0.5483157249737747,0.03391694756055905,1,30509673.829412267,0.0005515929459610399,0.015184046233905958,0.015219150018703574
22,1001,Antapani,526006201.39522743,-0.9155043363571167,11609233.706233097,0.0220705263083205,0.4560607359489177,0.03453085914540905,1,26672225.03283674,0.0005517313353011132,0.015236523830167596,0.015261387708066424
22,1001,Mandalajati,526006201.39522743,-0.7144167423248291,10780276.485911049,0.02049458059109655,0.5096504137136525,0.02913455878860285,1,24767695.062770467,0.0005097659601479406,0.015235965041969366,0.01530394201613469
22,1001,Kiaracondong,526006201.39522743,-0.49266019463539124,28612392.868267134,0.05439554285172491,0.5707799665644385,0.05217749113179988,1,65736998.72202667,0.0008495088930943514,0.015187550647161995,0.015223088522156106
22,1001,Batununggal,526006201.39522743,1.9771240949630737,52569459.56841153,0.09994076006893349,0.7099938785062362,0.04726915196883108,1,52569459.56841154,0.0017798408176924374,0.03204039030199355,0.03221987270941365
22,1001,Sumur Bandung ,526006201.39522743,-1.9315863847732544,1385498.937726324,0.0026339973446155174,0.14099471515608142,0.01424616931326002,1,3183185.0736152953,0.00022896434017020365,0.015305939468275177,0.01533157506350374
22,1001,Andir,526006201.39522743,-1.763859748840332,13773636.81992566,0.026185312613028505,0.445042346756695,0.0407888444240402,1,31644943.16144028,0.0006506478369370808,0.01537881529277514,0.015398415319924275
22,1001,Cicendo,526006201.39522743,-1.297423005104065,12400524.719783746,0.023574864111661518,0.34478835997977403,0.036480202036554624,1,28490216.85847745,0.0006192528852478072,0.015333485562967519,0.015384832253904239
22,1001,Bandung Wetan,526006201.39522743,-1.3503856658935547,680445.2507036201,0.001293606898357366,0.07864793309695961,0.010518232140682012,1,1563323.5843592002,0.00018011236755417548,0.015245404915501155,0.015303231360210034
22,1001,Cibeunying Kidul,526006201.39522743,1.1616169214248657,45162545.30253107,0.08585934002819315,0.43862456315003934,0.042291142259746194,1,45162545.30253108,0.0016719335938604812,0.03201174381101727,0.03224046278368522
22,1001,Cibeunying Kaler,526006201.39522743,-0.3271528482437134,5618806.115482808,0.010682014965943306,0.21892482351146378,0.02577624770681312,1,12909212.17716311,0.0004500799604525431,0.01524518099623344,0.015311987859052394
22,1001,Coblong,526006201.39522743,0.047821544110774994,21619434.904803533,0.04110110270080115,0.6280472463180918,0.04297132660436488,1,45997331.64168851,0.0007981948817700732,0.016271920879105433,0.016342975459413742
22,1001,Sukajadi,526006201.39522743,-1.083422064781189,15299524.885348352,0.029086206293322172,0.5463477475232026,0.03892583075968632,1,35150672.38403508,0.0006751957371795973,0.015258296828813573,0.015321732022238072
22,1001,Sukasari,526006201.39522743,1.2569862604141235,16190186.744309522,0.030779459826452953,0.4107682478322516,0.03138894842954493,1,16190186.744309524,0.0011539728575333454,0.032084664415377794,0.03223826511043792
22,1001,Cidadap,526006201.39522743,-0.6680281758308411,2958766.4147888958,0.005624964890035119,0.18155779759807256,0.020735894260239498,1,6797768.537683745,0.0003534831481127951,0.015277886547373196,0.015332740965008862
23,1001,Bandung Kulon,503591977.117526,-0.0011489614844322205,39288643.66668595,0.07801681808270139,1.0,0.05826926780420003,1,97288652.71159296,0.0008642416568356457,0.015308260476337954,0.015292486869475036
23,1001,Babakan Ciparay,503591977.117526,-0.8511373400688171,40055707.45503706,0.07954000316746317,0.8952452624494488,0.05536205405894569,1,99188097.32326348,0.0008863938603858396,0.015297005188368646,0.015317167023014869
23,1001,Bojongloa Kaler,503591977.117526,-0.06770006567239761,22989017.125806767,0.045650086122086285,0.7038483256199586,0.04672711451080863,1,56926640.74402585,0.0007465531037473603,0.015279366061548123,0.015299068923995799
23,1001,Bojongloa Kidul,503591977.117526,-0.01720317453145981,11469753.578313587,0.022775886232271784,0.4528439735875488,0.03637841690215546,1,28402020.747646414,0.0005475440137083863,0.015555630420674241,0.01553910927025362
23,1001,Astanaanyar,503591977.117526,-0.7212583422660828,5979663.235523106,0.011874024025858536,0.3271384401610965,0.027807474376479888,1,14807163.73892984,0.00042918288499602965,0.015286087047490259,0.015289816290858786
23,1001,Regol,503591977.117526,0.3124006688594818,18093701.415287137,0.03592928846653272,0.3347886332356876,0.03248943341215353,1,18326632.15949979,0.0012039717659889065,0.03035815644803676,0.030563699830514088
23,1001,Lengkong,503591977.117526,-0.455216646194458,5418594.589069996,0.01075989061637777,0.29834661427627523,0.025678547986414505,1,13417815.377728334,0.00041215448627927544,0.015241486061736375,0.015264301052421207
23,1001,Bandung Kidul,503591977.117526,0.49007999897003174,11296626.598768014,0.02243210200334796,0.20905511671949503,0.025371871641256535,1,11296626.598768016,0.0009402326785802209,0.03242619488324627,0.03256992328700902
23,1001,Buahbatu,503591977.117526,-0.1181175708770752,18199663.352763604,0.03613970074927594,0.6877113218064497,0.04066681606945041,1,45066985.32065355,0.0006456239217632945,0.015360988458374218,0.015375502902118188
23,1001,Rancasari,503591977.117526,-0.0762360468506813,13797705.62607537,0.027398581099427097,0.542579220251685,0.0354999090802496,1,34166620.82458875,0.0005505155781392324,0.015362526949412024,0.015366162259115364
23,1001,Gedebage,503591977.117526,1.9133002758026123,8483102.082105381,0.016845189096659562,0.2717349347714744,0.018562810160166525,1,8483102.082105383,0.0006919870269603405,0.03239743164627399,0.03254797589232087
23,1001,Cibiru,503591977.117526,0.7139755487442017,18625473.525439303,0.03698524673099106,0.3038854452333397,0.029904519014026822,1,18625473.525439307,0.001140119192772019,0.03220721172464477,0.032385155401606754
23,1001,Panyileukan ,503591977.117526,-0.528681755065918,1911586.1592346514,0.003795902726997841,0.17514971287729975,0.01713290802622778,1,4733572.46821331,0.00025376286498985295,0.01529500390935886,0.015278955318030927
23,1001,Ujung Berung,503591977.117526,0.9549182057380676,45121894.1845827,0.08960010531313997,0.8628496067862019,0.03613805221793179,1,45121894.18458271,0.001455392404557083,0.03226279741774469,0.03249224537540213
23,1001,Cinambo,503591977.117526,-1.5896025896072388,670447.8755952629,0.0013313315264329496,0.10111430133284771,0.010830605946145206,1,1660199.0917116024,0.00016187065406848147,0.015170281110454329,0.01516254149428311
23,1001,Arcamanik,503591977.117526,-1.609222650527954,12320899.406676197,0.024466035930911588,0.611422140734651,0.03439686313257187,1,30509673.829412267,0.0005117752076537188,0.015219150018703574,0.015207722699672408
23,1001,Antapani,503591977.117526,-0.8906269073486328,10771200.09277211,0.02138874442445372,0.41491313870787666,0.031484840259478994,1,26672225.03283674,0.0005119036071080115,0.015261387708066424,0.015289363590291392
23,1001,Mandalajati,503591977.117526,-0.7131488919258118,10002082.654500281,0.019861481336042097,0.539548505228648,0.02952008635738418,1,24767695.062770467,0.0004729675787549619,0.01530394201613469,0.01532421880583161
23,1001,Kiaracondong,503591977.117526,-0.4831213355064392,26546955.33880425,0.05271520704272229,0.6523819227443585,0.0490499035762069,1,65736998.72202667,0.0007881855512302911,0.015223088522156106,0.01524692368941868
23,1001,Batununggal,503591977.117526,1.9589860439300537,52569459.56841152,0.10438899338569706,0.6937102605497419,0.047402360036160794,1,52569459.56841154,0.0017798408176924372,0.03221987270941365,0.03238235143132056
23,1001,Sumur Bandung ,503591977.117526,-1.9196339845657349,1285484.181316885,0.0025526303827848405,0.13179456496509032,0.013103749075742084,1,3183185.0736152953,0.0002124361335545056,0.01533157506350374,0.01535635921022876
23,1001,Andir,503591977.117526,-1.7478156089782715,12779361.837890955,0.0253764206313171,0.43591089746659645,0.03880878363328137,1,31644943.16144028,0.0006036796414750324,0.015398415319924275,0.015402404399387108
23,1001,Cicendo,503591977.117526,-1.285822868347168,11505370.327797212,0.022846611643124213,0.40001092203396266,0.03552601268598957,1,28490216.85847745,0.0005745509913758861,0.015384832253904239,0.015407062049864924
23,1001,Bandung Wetan,503591977.117526,-1.3435680866241455,631326.0748269765,0.0012536460140619764,0.07953720290579804,0.011126981013563813,1,1563323.5843592002,0.00016711062928014984,0.015303231360210034,0.015293583227923815
23,1001,Cibeunying Kidul,503591977.117526,1.1409331560134888,45162545.30253107,0.08968082764350958,0.386836258081069,0.04467964840024781,1,45162545.30253108,0.0016719335938604812,0.03224046278368522,0.032399010920493514
23,1001,Cibeunying Kaler,503591977.117526,-0.31997379660606384,5213202.394216814,0.010352036233889764,0.2452381503640449,0.027220191550117085,1,12909212.17716311,0.0004175901213168291,0.015311987859052394,0.015312116490250037
23,1001,Coblong,503591977.117526,0.049570076167583466,20272039.33132625,0.04025488937961229,0.625510245170083,0.04605221106343899,1,45997331.64168851,0.0007484487040737145,0.016342975459413742,0.01633925597709908
23,1001,Sukajadi,503591977.117526,-1.0768250226974487,14195100.90282306,0.0281877026398899,0.514166556839413,0.042091034931190825,1,35150672.38403508,0.0006264555069679967,0.015321732022238072,0.015307151978734657
23,1001,Sukasari,503591977.117526,1.2372010946273804,16190186.74430952,0.032149413572828085,0.34369233315537534,0.03064581559927394,1,16190186.744309524,0.0011539728575333452,0.03223826511043792,0.032403125166045384
23,1001,Cidadap,503591977.117526,-0.6620392203330994,2745182.4890349284,0.00545120377959133,0.18448491235228479,0.02044237440026317,1,6797768.537683745,0.000327966325262422,0.015332740965008862,0.015352815144607916
24,1001,Bandung Kulon,521587825.627188,0.005164787173271179,41869456.793291815,0.0802730714486012,1.0,0.05322197150133892,1,97288652.71159296,0.0009210124181641235,0.015292486869475036,0.01534834067402452
24,1001,Babakan Ciparay,521587825.627188,-0.848749577999115,42506837.91968291,0.08149507298904106,0.9889348659739576,0.055810544451456195,1,99188097.32326348,0.0009406349943691956,0.015317167023014869,0.01536083930668786
24,1001,Bojongloa Kaler,521587825.627188,-0.06279882043600082,24395784.945163913,0.046772151776796125,0.7314174753982483,0.04911974341098545,1,56926640.74402585,0.0007922369568692943,0.015299068923995799,0.01532346513128416
24,1001,Bojongloa Kidul,521587825.627188,-0.013115361332893372,12171622.655257074,0.023335710799271808,0.42480516637724236,0.03454668191214677,1,28402020.747646414,0.0005810498958412038,0.01553910927025362,0.015575557101032138
24,1001,Astanaanyar,521587825.627188,-0.7184889316558838,6345577.000530654,0.012165884034774692,0.2901988511295754,0.027219422456284732,1,14807163.73892984,0.00045544588997476404,0.015289816290858786,0.015331003539126737
24,1001,Regol,521587825.627188,0.30705204606056213,18326632.159499794,0.035136234511345746,0.30795776800935076,0.033390140710463576,1,18326632.15949979,0.0012194711949352623,0.030563699830514088,0.030746345083318923
24,1001,Lengkong,521587825.627188,-0.4508906602859497,5750174.858567009,0.01102436555464587,0.2864811047539508,0.026255483092693932,1,13417815.377728334,0.0004373754717928532,0.015264301052421207,0.015304200445920839
24,1001,Bandung Kidul,521587825.627188,0.4854757785797119,11296626.598768018,0.021658148529798,0.212713561881537,0.024713526706910304,1,11296626.598768016,0.0009402326785802211,0.03256992328700902,0.032731537918927536
24,1001,Buahbatu,521587825.627188,-0.12879857420921326,19313356.060359206,0.03702800393612654,0.6868504839463317,0.042730917834648,1,45066985.32065355,0.0006851316115254719,0.015375502902118188,0.015394978667842922
24,1001,Rancasari,521587825.627188,-0.07864779233932495,14642029.163245505,0.028072030143033076,0.5228718382123538,0.03531621668570939,1,34166620.82458875,0.0005842032993298742,0.015366162259115364,0.015400203356801877
24,1001,Gedebage,521587825.627188,1.9007771015167236,8483102.082105385,0.01626399556374768,0.2587985195050364,0.01736060332161805,1,8483102.082105383,0.0006919870269603408,0.03254797589232087,0.03275437558852589
24,1001,Cibiru,521587825.627188,0.7063983678817749,18625473.52543931,0.035709179950745476,0.3132072086539575,0.030932054259707763,1,18625473.525439307,0.0011401191927720195,0.032385155401606754,0.03252042615226065
24,1001,Panyileukan ,521587825.627188,-0.5244476795196533,2028561.925446121,0.0038892048966190076,0.1715414806022857,0.015877963913161118,1,4733572.46821331,0.0002692913858597103,0.015278955318030927,0.015326355867895311
24,1001,Ujung Berung,521587825.627188,0.9456092119216919,45121894.18458272,0.0865087181249399,0.833038762395837,0.0371421645545799,1,45121894.18458271,0.0014553924045570836,0.03249224537540213,0.032684058000638554
24,1001,Cinambo,521587825.627188,-1.5719616413116455,711474.6185300451,0.0013640552627441523,0.10718893285138792,0.010193557090774182,1,1660199.0917116024,0.00017177601130040102,0.01516254149428311,0.015210109212639296
24,1001,Arcamanik,521587825.627188,-1.5953638553619385,13074852.683408136,0.025067403879080494,0.6060529826495097,0.03313545640975111,1,30509673.829412267,0.0005430922878460633,0.015207722699672408,0.015241918492023197
24,1001,Antapani,521587825.627188,-0.8827154040336609,11430322.55909794,0.021914473454884502,0.47486638362736083,0.03471793089603955,1,26672225.03283674,0.0005432285444531579,0.015289363590291392,0.015299958143731213
24,1001,Mandalajati,521587825.627188,-0.7120155692100525,10614140.487503767,0.02034967069014829,0.5281551968533459,0.03000560174609289,1,24767695.062770467,0.0005019099022023109,0.01532421880583161,0.01536436440249574
24,1001,Kiaracondong,521587825.627188,-0.4826541841030121,28171444.209649384,0.054010931286163306,0.6266039811303548,0.05043620281301722,1,65736998.72202667,0.0008364170203307403,0.01524692368941868,0.015285290262346672
24,1001,Batununggal,521587825.627188,1.9490879774093628,52569459.56841155,0.10078735926245772,0.7253784495325923,0.04631925436176763,1,52569459.56841154,0.001779840817692438,0.03238235143132056,0.03255811365750904
24,1001,Sumur Bandung ,521587825.627188,-1.8980001211166382,1364146.8648354087,0.0026153732848251928,0.1336686943142793,0.013828075765987536,1,3183185.0736152953,0.00022543574613984128,0.01535635921022876,0.015384053995680791
24,1001,Andir,521587825.627188,-1.7374279499053955,13561369.8240125,0.026000165566950312,0.4614161327234466,0.03777635185483559,1,31644943.16144028,0.0006406206332617065,0.015402404399387108,0.015446590949618318
24,1001,Cicendo,521587825.627188,-1.2837591171264648,12209418.901877506,0.02340817461986613,0.4513519771496526,0.037644780258029635,1,28490216.85847745,0.0006097095125438056,0.015407062049864924,0.015430315958087033
24,1001,Bandung Wetan,521587825.627188,-1.336251974105835,669958.8358853285,0.0012844602633884912,0.07687362940767957,0.01114637762882101,1,1563323.5843592002,0.000177336636519056,0.015293583227923815,0.015311838458514172
24,1001,Cibeunying Kidul,521587825.627188,1.1385279893875122,45162545.302531086,0.08658665536954388,0.3729830244562705,0.04564495376942948,1,45162545.30253108,0.001671933593860482,0.032399010920493514,0.032527701281634486
24,1001,Cibeunying Kaler,521587825.627188,-0.3173365592956543,5532214.091143481,0.010606486231712214,0.22454004665564425,0.027538760833515325,1,12909212.17716311,0.00044314372985673067,0.015312116490250037,0.015335085865440922
24,1001,Coblong,521587825.627188,0.05147183686494827,21472250.25154276,0.041167084806328164,0.6621260234511284,0.046456566862705176,1,45997331.64168851,0.0007927607879824623,0.01633925597709908,0.016361276140508148
24,1001,Sukajadi,521587825.627188,-1.0740631818771362,15063742.264623705,0.028880548058249193,0.5456196683481114,0.04164034140012675,1,35150672.38403508,0.0006647902231778669,0.015307151978734657,0.01532661953154758
24,1001,Sukasari,521587825.627188,1.2264089584350586,16190186.744309528,0.031040192943233458,0.36238284745340715,0.028748026543271247,1,16190186.744309524,0.0011539728575333456,0.032403125166045384,0.03261917773116829
24,1001,Cidadap,521587825.627188,-0.6544115543365479,2913168.5478865663,0.0055851927609383905,0.17830924021140698,0.020282234349479053,1,6797768.537683745,0.00034803558136359177,0.015352815144607916,0.015403446245405798
25,1001,Bandung Kulon,1525324139.744414,-0.17958484590053558,160453714.46738702,0.10519319158895166,0.8550674399000636,0.05698676586466736,1,97288652.71159296,0.003529538591690082,0.01534834067402452,0.01670473197810435
25,1001,Babakan Ciparay,1525324139.744414,-0.6545000076293945,163586381.3804656,0.10724696287038138,1.0,0.05566501789825144,1,99188097.32326348,0.003620007567239883,0.01536083930668786,0.016744535887893645
25,1001,Bojongloa Kaler,1525324139.744414,-0.5317572355270386,93886498.63008147,0.061551834251973,0.7429106295919212,0.0487832880118051,1,56926640.74402585,0.003048901854685093,0.01532346513128416,0.016686299610378333
25,1001,Bojongloa Kidul,1525324139.744414,0.5988988876342773,46842150.65501283,0.03070963701057126,0.4149474465100698,0.03710711446023389,1,28402020.747646414,0.002236154334551076,0.015575557101032138,0.016918661375093066
25,1001,Astanaanyar,1525324139.744414,-0.6077972054481506,24420776.28190843,0.016010220808542648,0.29212676537778304,0.027108344264644785,1,14807163.73892984,0.001752770817635383,0.015331003539126737,0.016710246097688026
25,1001,Regol,1525324139.744414,0.31510457396507263,30225274.188824404,0.019815640099873463,0.287170864861656,0.031011851045187458,1,18326632.15949979,0.002011217931996604,0.030746345083318923,0.03170093489775676
25,1001,Lengkong,1525324139.744414,-0.21051080524921417,22129387.72804685,0.0145079902372455,0.33525251012432505,0.027336702973786594,1,13417815.377728334,0.001683227316752158,0.015304200445920839,0.016658769532800224
25,1001,Bandung Kidul,1525324139.744414,0.25079452991485596,18631008.326291934,0.01221445844908334,0.27638143783730706,0.024907643625355785,1,11296626.598768016,0.0015506826493840455,0.032731537918927536,0.033595800451753345
25,1001,Buahbatu,1525324139.744414,-0.015798551961779594,74326912.67688198,0.048728601836286634,0.7306184140591523,0.04253638616259427,1,45066985.32065355,0.0026367099173688646,0.015394978667842922,0.016757959016896237
25,1001,Rancasari,1525324139.744414,-0.335370808839798,56349441.268917754,0.03694260111713682,0.5526814212965157,0.03575038948227136,1,34166620.82458875,0.002248290120015025,0.015400203356801877,0.016770447667555945
25,1001,Gedebage,1525324139.744414,1.7892566919326782,13990791.334266663,0.00917233981271088,0.26606038409337834,0.018858517186240067,1,8483102.082105383,0.001141262477631165,0.03275437558852589,0.033590701472716505
25,1001,Cibiru,1525324139.744414,0.6777634024620056,30718139.552513313,0.02013876182255956,0.32881783051682517,0.029448446352141253,1,18625473.525439307,0.001880346312926488,0.03252042615226065,0.033409225887501365
25,1001,Panyileukan ,1525324139.744414,-0.544827401638031,7806864.0489547895,0.005118167244283514,0.17575336841014352,0.016847124111185035,1,4733572.46821331,0.0010363603953076478,0.015326355867895311,0.01668172647657757
25,1001,Ujung Berung,1525324139.744414,0.5959869623184204,74417471.3487215,0.04878797195276213,0.7563766925480983,0.03717524866750023,1,45121894.18458271,0.0024003119666079964,0.032684058000638554,0.03358362518949213
25,1001,Cinambo,1525324139.744414,-1.4954195022583008,2738090.2458398025,0.0017950874666538756,0.10670360589710469,0.010469935581364683,1,1660199.0917116024,0.0006610751933535542,0.015210109212639296,0.016571150313801155
25,1001,Arcamanik,1525324139.744414,-1.272112488746643,50318206.25196395,0.032988533348980734,0.5360218498218011,0.034591416133948144,1,30509673.829412267,0.0020900755377815795,0.015241918492023197,0.01658380101311682
25,1001,Antapani,1525324139.744414,-0.7073168754577637,43989277.88953452,0.0288392983126232,0.576918320796165,0.03298028232237028,1,26672225.03283674,0.002090599917537512,0.015299958143731213,0.01666812268775675
25,1001,Mandalajati,1525324139.744414,-0.4817057251930237,40848223.92800525,0.026780028496008624,0.5517737569714984,0.030629353510006375,1,24767695.062770467,0.0019315862740822741,0.01536436440249574,0.016733854406372446
25,1001,Kiaracondong,1525324139.744414,-0.2867259979248047,108417018.10955574,0.07107801894994088,0.6655523291887764,0.0510976567486804,1,65736998.72202667,0.0032189275979425244,0.015285290262346672,0.016649662989688268
25,1001,Batununggal,1525324139.744414,1.7193111181259155,86700399.48337816,0.0568406394577259,0.7272474809650994,0.04778990847945824,1,52569459.56841154,0.0029354098592157085,0.03255811365750904,0.03340989091977476
25,1001,Sumur Bandung ,1525324139.744414,-1.4539786577224731,5249881.2005632315,0.003441813489848073,0.12063656400355316,0.01384260080171641,1,3183185.0736152953,0.0008675831877803673,0.015384053995680791,0.016751732996696696
25,1001,Andir,1525324139.744414,-1.8914663791656494,52190553.91191976,0.03421604139869241,0.39055582767534014,0.03956661009656449,1,31644943.16144028,0.0024654106577148716,0.015446590949618318,0.01681504301397338
25,1001,Cicendo,1525324139.744414,-1.1606504917144775,46987608.45702771,0.030804998906593738,0.3938916438066022,0.0368816820610922,1,28490216.85847745,0.002346450070897976,0.015430315958087033,0.016807841150171574
25,1001,Bandung Wetan,1525324139.744414,-0.9560590982437134,2578317.913071612,0.0016903409877874478,0.05484887513853137,0.011303422086336145,1,1563323.5843592002,0.0006824751045737561,0.015311838458514172,0.016657269991228445
25,1001,Cibeunying Kidul,1525324139.744414,1.1071513891220093,74484515.37379813,0.048831925905453044,0.4001696827449914,0.04352581994176764,1,45162545.30253108,0.002757443422235356,0.032527701281634486,0.03340911575321853
25,1001,Cibeunying Kaler,1525324139.744414,-0.5929357409477234,21290571.78758345,0.013958063884802174,0.22641651794210596,0.027864909758351403,1,12909212.17716311,0.0017054262971919964,0.015335085865440922,0.0166884769482387
25,1001,Coblong,1525324139.744414,-0.05271071195602417,75861290.21003225,0.049734537226129326,0.6608557071594116,0.0463540869629521,1,45997331.64168851,0.0028008175901335928,0.016361276140508148,0.01768511662454788
25,1001,Sukajadi,1525324139.744414,-0.8091258406639099,57972392.38952437,0.03800660520539478,0.5299203946850598,0.04024149487985028,1,35150672.38403508,0.0025584266510782273,0.01532661953154758,0.016697737926827685
25,1001,Sukasari,1525324139.744414,0.9772138595581055,26701732.71641537,0.017505612099530242,0.4340235501003718,0.028873163034405156,1,16190186.744309524,0.0019031945270602606,0.03261917773116829,0.03353726494215353
25,1001,Cidadap,1525324139.744414,-0.5421138405799866,11211247.987926172,0.00735007576147372,0.15844822069420703,0.021779732109586548,1,6797768.537683745,0.0013394052376818457,0.015403446245405798,0.016763042367789523
26,1001,Bandung Kulon,1920447449.512185,-0.25295644998550415,202017996.49304885,0.10519319158895166,0.943058339421554,0.05599930820707201,1,97288652.71159296,0.004443838007770486,0.01670473197810435,0.018449587983733112
26,1001,Babakan Ciparay,1920447449.512185,-0.5373416543006897,205962156.3123519,0.10724696287038137,1.0,0.058314745396031986,1,99188097.32326348,0.004557742265119817,0.016744535887893645,0.018488599776877043
26,1001,Bojongloa Kaler,1920447449.512185,-0.7314490079879761,118207063.10199828,0.06155183425197299,0.7460327246828797,0.04848734195438016,1,56926640.74402585,0.0038386960765100548,0.016686299610378333,0.01843264990730863
26,1001,Bojongloa Kidul,1920447449.512185,0.8554728627204895,58976244.07239658,0.030709637010571257,0.4560410395061394,0.03379201008178613,1,28402020.747646414,0.0028154126566329765,0.016918661375093066,0.01868937125703648
26,1001,Astanaanyar,1920447449.512185,-0.5284555554389954,30746787.717892636,0.016010220808542645,0.2902659632372076,0.028108667696300427,1,14807163.73892984,0.0022068124135708545,0.016710246097688026,0.018454105775657897
26,1001,Regol,1920447449.512185,0.31671199202537537,38054895.49025337,0.01981564009987346,0.2859941932916079,0.03301609464283443,1,18326632.15949979,0.002532208235138301,0.03170093489775676,0.0330063362212993
26,1001,Lengkong,1920447449.512185,-0.09387803077697754,27861832.848665796,0.014507990237245498,0.34092413536059685,0.027000104599001457,1,13417815.377728334,0.002119254211729431,0.016658769532800224,0.018398705373474638
26,1001,Bandung Kidul,1920447449.512185,0.12199033796787262,23457225.575714655,0.012214458449083337,0.2564063517101571,0.023436105641321876,1,11296626.598768016,0.0019523748830929716,0.033595800451753345,0.03492932393363246
26,1001,Buahbatu,1920447449.512185,0.04475266858935356,93580719.11479142,0.04872860183628662,0.7050182495086724,0.04372960381943807,1,45066985.32065355,0.0033197290359300254,0.016757959016896237,0.018487726168838342
26,1001,Rancasari,1920447449.512185,-0.43702253699302673,70946324.0937514,0.03694260111713682,0.6175708591359641,0.036413388754434735,1,34166620.82458875,0.002830692122573883,0.016770447667555945,0.01851360932330178
26,1001,Gedebage,1920447449.512185,1.6961779594421387,17614996.59937968,0.00917233981271088,0.2829332165132674,0.01779379351288588,1,8483102.082105383,0.0014368976123055252,0.033590701472716505,0.034895171519451366
26,1001,Cibiru,1920447449.512185,0.6627156138420105,38675433.77846787,0.02013876182255956,0.3528754388290163,0.029744744125268403,1,18625473.525439307,0.002367435344899477,0.033409225887501365,0.03469809212411578
26,1001,Panyileukan ,1920447449.512185,-0.5287021994590759,9829171.230461081,0.005118167244283513,0.1548475376063425,0.0168565992618547,1,4733572.46821331,0.0013048214645560551,0.01668172647657757,0.01841620688164439
26,1001,Ujung Berung,1920447449.512185,0.42024141550064087,93694736.30355404,0.048787971952762126,0.7105349595959596,0.03934179824381639,1,45121894.18458271,0.003022094041649605,0.03358362518949213,0.03484042994077344
26,1001,Cinambo,1920447449.512185,-1.4283864498138428,3447371.146986725,0.0017950874666538756,0.11245762068514084,0.010323736540132739,1,1660199.0917116024,0.0008323215609924964,0.016571150313801155,0.018317948664963477
26,1001,Arcamanik,1920447449.512185,-1.091271162033081,63352744.733197704,0.03298853334898073,0.499159801021149,0.0337609180671392,1,30509673.829412267,0.0026314932880384463,0.01658380101311682,0.018314654345037405
26,1001,Antapani,1920447449.512185,-0.6027038097381592,55384356.89019829,0.0288392983126232,0.6988452872127568,0.03416736586790566,1,26672225.03283674,0.0026321535042761737,0.01666812268775675,0.018399127334960907
26,1001,Mandalajati,1920447449.512185,-0.3406949043273926,51429637.42302339,0.026780028496008617,0.49596761684362106,0.03129073368909997,1,24767695.062770467,0.0024319486179479326,0.016733854406372446,0.01847423600433599
26,1001,Kiaracondong,1920447449.512185,-0.1884061098098755,136501600.20879272,0.07107801894994088,0.5786878527486559,0.05198106403119038,1,65736998.72202667,0.004052765661119698,0.016649662989688268,0.018385502436493586
26,1001,Batununggal,1920447449.512185,1.5603889226913452,109159461.07523137,0.0568406394577259,0.6653958327779028,0.04713912499563897,1,52569459.56841154,0.0036958048656781403,0.03340989091977476,0.034684385021523066
26,1001,Sumur Bandung ,1920447449.512185,-1.2141364812850952,6609821.938275364,0.003441813489848073,0.09943963575745587,0.013773675553439457,1,3183185.0736152953,0.0010923238391097908,0.016751732996696696,0.01850381240076202
26,1001,Andir,1920447449.512185,-1.9100806713104248,65710109.43652216,0.0342160413986924,0.3344705606827395,0.04049993622934028,1,31644943.16144028,0.003104056040443991,0.01681504301397338,0.01855397670666445
26,1001,Cicendo,1920447449.512185,-1.0593011379241943,59159381.58239359,0.030804998906593734,0.4382348501127842,0.03861030844904549,1,28490216.85847745,0.002954279642370818,0.016807841150171574,0.01854536894617943
26,1001,Bandung Wetan,1920447449.512185,-0.7482444047927856,3246211.038802311,0.0016903409877874474,0.05,0.010578880702132643,1,1563323.5843592002,0.0008592649521391876,0.016657269991228445,0.018414263076197313
26,1001,Cibeunying Kidul,1920447449.512185,1.0556325912475586,93779147.55989529,0.048831925905453044,0.4209684700676887,0.04389992679191358,1,45162545.30253108,0.0034717376126318753,0.03340911575321853,0.034691883822684906
26,1001,Cibeunying Kaler,1920447449.512185,-0.6954164505004883,26805728.18769647,0.01395806388480217,0.2611430434988874,0.026087115026011864,1,12909212.17716311,0.0021472036647385475,0.0166884769482387,0.01845436152697289
26,1001,Coblong,1920447449.512185,-0.08578094840049744,95512565.16858888,0.04973453722612932,0.6189237389434858,0.04603209415539661,1,45997331.64168851,0.0035263475200898653,0.01768511662454788,0.019394657785429457
26,1001,Sukajadi,1920447449.512185,-0.6421962380409241,72989688.03131695,0.03800660520539478,0.5675518343755953,0.041013764179365066,1,35150672.38403508,0.0032211671006861973,0.016697737926827685,0.018440862435541577
26,1001,Sukasari,1920447449.512185,0.8290180563926697,33618608.1086925,0.01750561209953024,0.39375125516132553,0.030966764305840895,1,16190186.744309524,0.0023962022105221926,0.03353726494215353,0.03480014506498723
26,1001,Cidadap,1920447449.512185,-0.47905564308166504,14115434.249843536,0.007350075761473719,0.15462202393540708,0.02031655643927561,1,6797768.537683745,0.0016863677073912788,0.016763042367789523,0.018538757293721148
27,1001,Bandung Kulon,1661264486.8203351,-0.20881778001785278,174753713.44201297,0.10519319158895168,1.0,0.05735475250109736,1,97288652.71159296,0.0038440990766848353,0.018449587983733112,0.019794053894231632
27,1001,Babakan Ciparay,1661264486.8203351,-0.5903649926185608,178165570.73590365,0.10724696287038141,0.9186011272407986,0.05841081566760589,1,99188097.32326348,0.003942630852537464,0.018488599776877043,0.019841371623187432
27,1001,Bojongloa Kaler,1661264486.8203351,-0.6093350648880005,102253876.34145424,0.06155183425197301,0.6894125802491773,0.04745656987305648,1,56926640.74402585,0.003320626903497183,0.01843264990730863,0.01980216024882256
27,1001,Bojongloa Kidul,1661264486.8203351,0.7057368755340576,51016829.36880544,0.03070963701057127,0.4614471982621749,0.03618725925235005,1,28402020.747646414,0.0024354454808939996,0.01868937125703648,0.020036662126819475
27,1001,Astanaanyar,1661264486.8203351,-0.5637931823730469,26597211.255383845,0.016010220808542648,0.30888994562618466,0.028440045090101177,1,14807163.73892984,0.0019089817285397527,0.018454105775657897,0.01980233162653582
27,1001,Regol,1661264486.8203351,0.3176809251308441,32919019.181532737,0.019815640099873466,0.2993909712194776,0.031643280596488174,1,18326632.15949979,0.0021904622359428766,0.0330063362212993,0.03398064925358507
27,1001,Lengkong,1661264486.8203351,-0.16126899421215057,24101608.956272073,0.014507990237245501,0.36963712574609775,0.027378178746667807,1,13417815.377728334,0.0018332403531191696,0.018398705373474638,0.019743196092655187
27,1001,Bandung Kidul,1661264486.8203351,0.1853625625371933,20291446.047204737,0.012214458449083341,0.2457283533495426,0.023547941797704402,1,11296626.598768016,0.0016888830043572498,0.03492932393363246,0.03588999190111419
27,1001,Buahbatu,1661264486.8203351,0.00942961499094963,80951095.72303115,0.04872860183628664,0.6880472888045732,0.03972841794866654,1,45066985.32065355,0.002871699485793125,0.018487726168838342,0.019876627500486025
27,1001,Rancasari,1661264486.8203351,-0.38184744119644165,61371431.286668636,0.03694260111713683,0.6842577579430995,0.03691385116378506,1,34166620.82458875,0.0024486628350848974,0.01851360932330178,0.019857882930696066
27,1001,Gedebage,1661264486.8203351,1.7373098134994507,15237682.391904866,0.009172339812710881,0.2620199242987106,0.018647475845396423,1,8483102.082105383,0.001242974378250467,0.034895171519451366,0.03578529351493018
27,1001,Cibiru,1661264486.8203351,0.6616246700286865,33455809.824351363,0.020138761822559564,0.37468182096109465,0.02831630159776605,1,18625473.525439307,0.0020479270413380807,0.03469809212411578,0.035666188207796115
27,1001,Panyileukan ,1661264486.8203351,-0.532794713973999,8502629.4805353,0.005118167244283515,0.18521540892737845,0.015636171289847702,1,4733572.46821331,0.0011287231844112587,0.01841620688164439,0.01980102639114363
27,1001,Ujung Berung,1661264486.8203351,0.5134162902832031,81049725.18911028,0.04878797195276214,0.6612295668361526,0.03965321789584439,1,45121894.18458271,0.002614233213462355,0.03484042994077344,0.03572022331288269
27,1001,Cinambo,1661264486.8203351,-1.4710283279418945,2982115.059088366,0.001795087466653876,0.10251600958598048,0.01009919327960712,1,1660199.0917116024,0.0007199917140367067,0.018317948664963477,0.019691769493067533
27,1001,Arcamanik,1661264486.8203351,-1.1792899370193481,54802678.92494998,0.03298853334898074,0.40373940184927887,0.03279135158486111,1,30509673.829412267,0.002276347810420318,0.018314654345037405,0.019674611495953176
27,1001,Antapani,1661264486.8203351,-0.6652784943580627,47909702.11157854,0.028839298312623208,0.5878459124453652,0.03176636015804949,1,26672225.03283674,0.0022769189240894974,0.018399127334960907,0.019779529016864732
27,1001,Mandalajati,1661264486.8203351,-0.40927138924598694,44488710.29645571,0.026780028496008627,0.5022930669087159,0.029071730622746816,1,24767695.062770467,0.002103733624054607,0.01847423600433599,0.01986306290425902
27,1001,Kiaracondong,1661264486.8203351,-0.2494138479232788,118079388.67507958,0.0710780189499409,0.4746512300591721,0.053054677118209145,1,65736998.72202667,0.003505805726646295,0.018385502436493586,0.019722175257271435
27,1001,Batununggal,1661264486.8203351,1.6343200206756592,94427335.7392787,0.05684063945772591,0.6443943812821845,0.04476572040392669,1,52569459.56841154,0.0031970202439688972,0.034684385021523066,0.035640889269617004
27,1001,Sumur Bandung ,1661264486.8203351,-1.3344395160675049,5717762.5209437655,0.0034418134898480737,0.10282260633993173,0.013755353063971324,1,3183185.0736152953,0.0009449041693284986,0.01850381240076202,0.019866758116010273
27,1001,Andir,1661264486.8203351,-1.8828508853912354,56841894.45522208,0.034216041398692415,0.3997476759474164,0.04086047915115495,1,31644943.16144028,0.0026851336475775976,0.01855397670666445,0.01989470236185043
27,1001,Cicendo,1661264486.8203351,-1.1067475080490112,51175250.70006343,0.030804998906593745,0.3870938914868107,0.03823178327629816,1,28490216.85847745,0.0025555710234370465,0.01854536894617943,0.01989524671822302
27,1001,Bandung Wetan,1661264486.8203351,-0.8450676798820496,2808103.453628092,0.0016903409877874478,0.05960813561755298,0.01045557830224434,1,1563323.5843592002,0.0007432988338841552,0.018414263076197313,0.01979116742098519
27,1001,Cibeunying Kidul,1661264486.8203351,1.078730583190918,81122744.32977107,0.04883192590545305,0.5246912490407954,0.04238744974675156,1,45162545.30253108,0.0030031930344611877,0.034691883822684906,0.03564102632739931
27,1001,Cibeunying Kaler,1661264486.8203351,-0.6322708129882812,23188035.836591333,0.013958063884802176,0.29306639292440245,0.028207199291556358,1,12909212.17716311,0.001857417757047558,0.01845436152697289,0.019792034614885497
27,1001,Coblong,1661264486.8203351,-0.06480979174375534,82622220.46221259,0.04973453722612934,0.7496855793756587,0.044701750299475804,1,45997331.64168851,0.0030504328065838505,0.019394657785429457,0.020730068589631948
27,1001,Sukajadi,1661264486.8203351,-0.7082735896110535,63139023.49232324,0.03800660520539479,0.529731532891304,0.0413597111280858,1,35150672.38403508,0.002786439437248475,0.018440862435541577,0.019790519684682636
27,1001,Sukasari,1661264486.8203351,0.8929346203804016,29081451.701001953,0.017505612099530245,0.3870845278685815,0.03024618668651081,1,16190186.744309524,0.0020728115401398,0.03480014506498723,0.03571769266860732
27,1001,Cidadap,1661264486.8203351,-0.514167845249176,12210419.837975223,0.007350075761473722,0.16469289338597753,0.021922305840737653,1,6797768.537683745,0.0014587760705044915,0.018538757293721148,0.019885847180295776
28,1001,Bandung Kulon,814987853.3395333,-0.07226806879043579,81799020.23308332,0.10036839186976805,0.8197930570826149,0.054440111163827784,1,97288652.71159296,0.0017993525399736861,0.019794053894231632,0.02013228026848435
28,1001,Babakan Ciparay,814987853.3395333,-0.7721729874610901,83396048.29227798,0.10232796470591597,0.9586536134740221,0.05525221626283567,1,99188097.32326348,0.0018454734639175728,0.019841371623187432,0.0201852216583587
28,1001,Bojongloa Kaler,814987853.3395333,-0.22075998783111572,47863171.173992015,0.058728692676664564,0.6638197462550711,0.048970647144474216,1,56926640.74402585,0.0015543247803762271,0.01980216024882256,0.02011959430259336
28,1001,Bojongloa Kidul,814987853.3395333,0.18729913234710693,26772632.367608517,0.03285034526331122,0.5552431910289587,0.037007159349697685,1,28402020.747646414,0.001278074065323972,0.020036662126819475,0.020434971382494626
28,1001,Astanaanyar,814987853.3395333,-0.6624203324317932,12449668.615165962,0.015275894682542328,0.26942051426433283,0.02797227637172923,1,14807163.73892984,0.0008935594669879476,0.01980233162653582,0.020123204162527674
28,1001,Regol,814987853.3395333,0.33251333236694336,18326632.159499794,0.022487000369887367,0.2573758111692326,0.032795078133758065,1,18326632.15949979,0.0012194711949352623,0.03398064925358507,0.034065895646888604
28,1001,Lengkong,814987853.3395333,-0.3630554676055908,11281522.77758689,0.013842565544209259,0.35160309185780947,0.02642588192529468,1,13417815.377728334,0.000858106313069329,0.019743196092655187,0.02007333136668013
28,1001,Bandung Kidul,814987853.3395333,0.4047447144985199,11296626.598768018,0.013861098116344214,0.22700025020878514,0.025316604999292173,1,11296626.598768016,0.0009402326785802211,0.03588999190111419,0.035922484076816405
28,1001,Buahbatu,814987853.3395333,-0.054565053433179855,37891728.80229363,0.046493611710931235,0.6271892198671968,0.043218309574221216,1,45066985.32065355,0.0013441900587690368,0.019876627500486025,0.020182140226706356
28,1001,Rancasari,814987853.3395333,-0.1615898758172989,28726845.63133633,0.035248188686032356,0.618937637701717,0.036872413224066335,1,34166620.82458875,0.0011461743321269792,0.019857882930696066,0.02016331811532515
28,1001,Gedebage,814987853.3395333,1.8437457084655762,8483102.082105385,0.01040886934368975,0.24783056589884167,0.018615273220870057,1,8483102.082105383,0.0006919870269603408,0.03578529351493018,0.0358214344922686
28,1001,Cibiru,814987853.3395333,0.6958838105201721,18625473.52543931,0.022853682357496102,0.31798069601894485,0.03091378550986768,1,18625473.525439307,0.0011401191927720195,0.035666188207796115,0.035697771063409885
28,1001,Panyileukan ,814987853.3395333,-0.5155500769615173,3979925.5032340237,0.004883416957597209,0.1673985976022448,0.01600809562225183,1,4733572.46821331,0.0005283346990497192,0.01980102639114363,0.020139070635603565
28,1001,Ujung Berung,814987853.3395333,0.8356986045837402,45121894.18458272,0.05536511249792139,0.7106229089763683,0.036753904834842845,1,45121894.18458271,0.0014553924045570836,0.03572022331288269,0.035817613681801405
28,1001,Cinambo,814987853.3395333,-1.5467264652252197,1395873.571159873,0.001712753834845605,0.09770117454933847,0.010436490510991,1,1660199.0917116024,0.0003370149659433899,0.019691769493067533,0.020019501157756872
28,1001,Arcamanik,814987853.3395333,-1.4951045513153076,25652132.672400374,0.031475478520676066,0.45728567654319735,0.033359631599759076,1,30509673.829412267,0.001065516817551878,0.019674611495953176,0.019996768062121372
28,1001,Antapani,814987853.3395333,-0.828031063079834,22425656.1717437,0.02751655264535693,0.5465431761430833,0.032500146510037395,1,26672225.03283674,0.0010657841454252632,0.019779529016864732,0.02011444452254567
28,1001,Mandalajati,814987853.3395333,-0.611870527267456,20824352.41006255,0.025551733470298592,0.5320333174381416,0.030051201392954988,1,24767695.062770467,0.000984719270850639,0.01986306290425902,0.02019678672577518
28,1001,Kiaracondong,814987853.3395333,-0.42471978068351746,55270804.34000584,0.06781794859092138,0.4134528310662454,0.051471838006652885,1,65736998.72202667,0.0016410036039798189,0.019722175257271435,0.020042856932872204
28,1001,Batununggal,814987853.3395333,1.8356329202651978,52569459.56841155,0.06450336572870433,0.5776199096031777,0.044834509756633154,1,52569459.56841154,0.001779840817692438,0.035640889269617004,0.03574232062528007
28,1001,Sumur Bandung ,814987853.3395333,-1.738736629486084,2676380.1634111768,0.0032839509845997254,0.10559803896504733,0.014260531179172435,1,3183185.0736152953,0.0004422923767561247,0.019866758116010273,0.020170843808363467
28,1001,Andir,814987853.3395333,-1.7537338733673096,26606652.202399917,0.0326466855835645,0.43181914202039523,0.037943905161743466,1,31644943.16144028,0.0012568619987558347,0.01989470236185043,0.02023377835920576
28,1001,Cicendo,814987853.3395333,-1.2072956562042236,23954199.79923135,0.02939209425155906,0.3812980327237265,0.03679556588645206,1,28490216.85847745,0.0011962161017114723,0.01989524671822302,0.02022448251933469
28,1001,Bandung Wetan,814987853.3395333,-1.1851248741149902,1314421.918113545,0.0016128116667352855,0.06665170620418848,0.010595042711071936,1,1563323.5843592002,0.0003479246028857199,0.01979116742098519,0.020126690553563288
28,1001,Cibeunying Kidul,814987853.3395333,1.1132621765136719,45162545.302531086,0.0554149919136474,0.5296893099656953,0.04257289573984848,1,45162545.30253108,0.001671933593860482,0.03564102632739931,0.035732620554296
28,1001,Cibeunying Kaler,814987853.3395333,-0.40380004048347473,10853895.892702624,0.013317862159818923,0.30847914010693017,0.025749264602021708,1,12909212.17716311,0.0008694233140884685,0.019792034614885497,0.02014181944372378
28,1001,Coblong,814987853.3395333,0.008634681813418865,38807302.967695504,0.04761703233818375,0.6315848692037892,0.04295101962748082,1,45997331.64168851,0.0014327752200975772,0.020730068589631948,0.021052101791308196
28,1001,Sukajadi,814987853.3395333,-0.9523018598556519,29554223.24607388,0.03626339107383145,0.5541740502281473,0.040923465178821214,1,35150672.38403508,0.0013042813878823855,0.019790519684682636,0.02011029373549397
28,1001,Sukasari,814987853.3395333,1.1445223093032837,16190186.744309528,0.01986555588278751,0.3784497391168007,0.03148625856511035,1,16190186.744309524,0.0011539728575333456,0.03571769266860732,0.03574176739165936
28,1001,Cidadap,814987853.3395333,-0.6163769364356995,5715474.422306916,0.0070129565721586086,0.16610675477237327,0.021956693924243785,1,6797768.537683745,0.000682826424437211,0.019885847180295776,0.020191182653787207
29,1001,Bandung Kulon,444131097.2569733,0.004693474620580673,31471076.39806462,0.07085988032010179,0.7054858173320973,0.05468770660211801,1,97288652.71159296,0.0006922767667779556,0.02013228026848435,0.019942333765721975
29,1001,Babakan Ciparay,444131097.2569733,-0.8572977185249329,31920077.722401425,0.07187084606222144,1.0,0.055045939691981134,1,99188097.32326348,0.0007063602845595843,0.0201852216583587,0.020000879237459638
29,1001,Bojongloa Kaler,444131097.2569733,-0.02908654324710369,18319766.646016177,0.04124855647164107,0.5940424674081431,0.046641876218373415,1,56926640.74402585,0.0005949222872237423,0.02011959430259336,0.019934478858848283
29,1001,Bojongloa Kidul,444131097.2569733,-0.05717988312244415,9140156.270801853,0.020579861052857956,0.5101556246501682,0.036561365610476085,1,28402020.747646414,0.0004363335111138945,0.020434971382494626,0.02020690628339615
29,1001,Astanaanyar,444131097.2569733,-0.7224404215812683,4765146.526145841,0.010729144064840695,0.22114445107162375,0.02821530440842182,1,14807163.73892984,0.0003420124600614188,0.020123204162527674,0.019912048852786732
29,1001,Regol,444131097.2569733,0.32074588537216187,16986788.414345205,0.03824723942830935,0.2467744986352708,0.033112817721904914,1,18326632.15949979,0.0011303167426218155,0.034065895646888604,0.03406269640345207
29,1001,Lengkong,444131097.2569733,-0.45986226201057434,4318035.341741241,0.009722434138050988,0.3553203233670611,0.02617712158079135,1,13417815.377728334,0.0003284426632693644,0.02007333136668013,0.019881585796567618
29,1001,Bandung Kidul,444131097.2569733,0.5129718780517578,11296626.598768016,0.025435342556596102,0.2678798935960805,0.02523984343685167,1,11296626.598768016,0.000940232678580221,0.035922484076816405,0.03595232706825267
29,1001,Buahbatu,444131097.2569733,-0.11535085737705231,14503168.353570092,0.03265515169539815,0.6218570137507808,0.03972736057131335,1,45066985.32065355,0.0005144926171946676,0.020182140226706356,0.020002441441383575
29,1001,Rancasari,444131097.2569733,-0.06416713446378708,10995282.91865826,0.024756840911539263,0.5843611238716182,0.035288975783850984,1,34166620.82458875,0.0004387015273996187,0.02016331811532515,0.019963760983343043
29,1001,Gedebage,444131097.2569733,1.867909550666809,8483102.082105383,0.019100446094629304,0.24411909329597756,0.018844880777778603,1,8483102.082105383,0.0006919870269603406,0.0358214344922686,0.035840119593137834
29,1001,Cibiru,444131097.2569733,0.679039478302002,18625473.525439307,0.0419368822414672,0.29066330731632095,0.029127341719197467,1,18625473.525439307,0.0011401191927720193,0.035697771063409885,0.03577901023199673
29,1001,Panyileukan ,444131097.2569733,-0.5138846635818481,1523327.9513120623,0.0034299060811557357,0.15581581667267566,0.015958052328336986,1,4733572.46821331,0.00020222162803210618,0.020139070635603565,0.01995003728524687
29,1001,Ujung Berung,444131097.2569733,0.994918167591095,45121894.18458271,0.10159589018481918,0.6234678924250274,0.0362537003789828,1,45121894.18458271,0.0014553924045570832,0.035817613681801405,0.03591878365690496
29,1001,Cinambo,444131097.2569733,-1.5511281490325928,534274.6304466666,0.0012029660470668111,0.10085136448636128,0.010682472530748064,1,1660199.0917116024,0.00012899344905196864,0.020019501157756872,0.019810128955621387
29,1001,Arcamanik,444131097.2569733,-1.6203590631484985,9818427.67631702,0.022107048429973138,0.3844616464542438,0.034222413956866475,1,30509673.829412267,0.0004078296313463456,0.019996768062121372,0.019781364968286735
29,1001,Antapani,444131097.2569733,-0.914461076259613,8583484.501197785,0.019326465888587392,0.517994559954245,0.03331702621663024,1,26672225.03283674,0.00040793195185997376,0.02011444452254567,0.019908815045025965
29,1001,Mandalajati,444131097.2569733,-0.7318753004074097,7970580.873547494,0.017946459779049725,0.5320882200963163,0.030176070732951005,1,24767695.062770467,0.0003769041375934034,0.02019678672577518,0.019998448464139007
29,1001,Kiaracondong,444131097.2569733,-0.5046558380126953,21155059.579435587,0.04763246642735155,0.5896876433353822,0.05102219102588612,1,65736998.72202667,0.0006280988566532217,0.020042856932872204,0.019842549395602847
29,1001,Batununggal,444131097.2569733,1.922951340675354,52569459.56841154,0.11836473485664292,0.6216395156992952,0.044946029079926675,1,52569459.56841154,0.0017798408176924376,0.03574232062528007,0.03583295475867863
29,1001,Sumur Bandung ,444131097.2569733,-1.9082263708114624,1024392.2173790644,0.0023065086495989116,0.1052254207273424,0.013295577404250712,1,3183185.0736152953,0.0001692886813125941,0.020170843808363467,0.019983111837576804
29,1001,Andir,444131097.2569733,-1.6705541610717773,10183772.77610344,0.022929654867673295,0.4437848599993883,0.03910905051249213,1,31644943.16144028,0.0004810675506591582,0.02023377835920576,0.020026257636186064
29,1001,Cicendo,444131097.2569733,-1.2607958316802979,9168538.977885801,0.020643767199622375,0.44005585407331954,0.03748616379245273,1,28490216.85847745,0.00045785515886313045,0.02022448251933469,0.020013612984292207
29,1001,Bandung Wetan,444131097.2569733,-1.3299970626831055,503098.77560586116,0.0011327708838968537,0.07151841461275661,0.01127433973915263,1,1563323.5843592002,0.00013316914401897587,0.020126690553563288,0.01990174512760202
29,1001,Cibeunying Kidul,444131097.2569733,1.12650728225708,45162545.30253108,0.10168741973138648,0.5468956929900427,0.045588451862825646,1,45162545.30253108,0.0016719335938604816,0.035732620554296,0.03575244820817582
29,1001,Cibeunying Kaler,444131097.2569733,-0.29262351989746094,4154359.9196894006,0.0093539046136319,0.24757427139984117,0.02813080933369787,1,12909212.17716311,0.0003327742780102619,0.02014181944372378,0.019917109405913215
29,1001,Coblong,444131097.2569733,0.03878350928425789,16143414.396366384,0.0363483090827703,0.6819636326265753,0.04517878609510199,1,45997331.64168851,0.0005960188507336964,0.021052101791308196,0.020843233311007677
29,1001,Sukajadi,444131097.2569733,-1.0784885883331299,11311964.084121145,0.025469876245968127,0.5664793513140634,0.038531525650210424,1,35150672.38403508,0.0004992174584481158,0.02011029373549397,0.019933187800744233
29,1001,Sukasari,444131097.2569733,1.243679404258728,16190186.744309524,0.036453621113907084,0.3598031940062034,0.03012079694222566,1,16190186.744309524,0.0011539728575333454,0.03574176739165936,0.035802425874982974
29,1001,Cidadap,444131097.2569733,-0.6470047831535339,2187614.2996733207,0.0049256048792448584,0.17582757148131556,0.020496134591268696,1,6797768.537683745,0.0002613537809676219,0.020191182653787207,0.020003489824563077
30,1001,Bandung Kulon,440132460.3848961,-0.00879339873790741,30752085.044640366,0.06987006824660842,0.7492291894574145,0.05463803899797237,1,97288652.71159296,0.0006764609426480744,0.019942333765721975,0.019756983870483528
30,1001,Babakan Ciparay,440132460.3848961,-0.8250836133956909,31352482.733452387,0.0712341977822645,1.0,0.05809231691808796,1,99188097.32326348,0.0006937999593186697,0.020000879237459638,0.019795400885130206
30,1001,Bojongloa Kaler,440132460.3848961,-0.05835231393575668,17994009.051143624,0.04088316738876258,0.4779094171359932,0.04958618042121595,1,56926640.74402585,0.0005843435251048358,0.019934478858848283,0.01972461556542189
30,1001,Bojongloa Kidul,440132460.3848961,-0.02718072384595871,8977628.254966937,0.0203975599689148,0.593129936647016,0.03596139357665877,1,28402020.747646414,0.0004285747356944669,0.02020690628339615,0.01999569304216453
30,1001,Astanaanyar,440132460.3848961,-0.6924288272857666,4680413.859973473,0.010634102869578053,0.3006522989582827,0.027287337845558927,1,14807163.73892984,0.0003359308784256461,0.019912048852786732,0.019724636094983726
30,1001,Regol,440132460.3848961,0.3241371810436249,17151536.8568441,0.03896903409906434,0.22112717506457585,0.03217675693263962,1,18326632.15949979,0.0011412792576267186,0.03406269640345207,0.03409669262587841
30,1001,Lengkong,440132460.3848961,-0.44129329919815063,4241253.096929939,0.00963631060799506,0.33310241023888404,0.02547643797529653,1,13417815.377728334,0.0003226023764301523,0.019881585796567618,0.019708648837483436
30,1001,Bandung Kidul,440132460.3848961,0.4787902534008026,11296626.598768016,0.02566642457793072,0.25308621683552146,0.023844229324867093,1,11296626.598768016,0.000940232678580221,0.03595232706825267,0.03603563593783588
30,1001,Buahbatu,440132460.3848961,-0.08391562104225159,14245276.572949726,0.03236588494402849,0.5041855605852971,0.039812027779962025,1,45066985.32065355,0.0005053440357309694,0.020002441441383575,0.019826718326595053
30,1001,Rancasari,440132460.3848961,-0.06465554237365723,10799767.496014802,0.02453753919120257,0.49662512606373094,0.03543085631027106,1,34166620.82458875,0.000430900644495704,0.019963760983343043,0.01976862251428251
30,1001,Gedebage,440132460.3848961,1.8528647422790527,8483102.082105383,0.0192739750998754,0.20844793768527387,0.018832107642434454,1,8483102.082105383,0.0006919870269603406,0.035840119593137834,0.0358621173252547
30,1001,Cibiru,440132460.3848961,0.6847180128097534,18625473.525439307,0.04231788200568374,0.31513017869894777,0.028433402902280525,1,18625473.525439307,0.0011401191927720193,0.03577901023199673,0.03588059678586145
30,1001,Panyileukan ,440132460.3848961,-0.5098302960395813,1496240.507502866,0.003399523193982109,0.15311071486497643,0.016010459406835747,1,4733572.46821331,0.00019862577266714299,0.01995003728524687,0.019765073729349658
30,1001,Ujung Berung,440132460.3848961,0.9798759818077087,45121894.18458271,0.10251889657291713,0.6171139648886582,0.03678097623419394,1,45121894.18458271,0.0014553924045570832,0.03591878365690496,0.03600591350741946
30,1001,Cinambo,440132460.3848961,-1.5471253395080566,524774.29007778,0.001192309900566899,0.11212333122621304,0.010751123645141511,1,1660199.0917116024,0.0001266997191956103,0.019810128955621387,0.019604732689472035
30,1001,Arcamanik,440132460.3848961,-1.5909907817840576,9643838.804795412,0.021911219173341292,0.5358543559776183,0.03166082094660914,1,30509673.829412267,0.00040057770492216073,0.019781364968286735,0.019611270127805246
30,1001,Antapani,440132460.3848961,-0.8991435766220093,8430855.086164046,0.019155267663719368,0.5128282807512053,0.03257186861313254,1,26672225.03283674,0.00040067820599752466,0.019908815045025965,0.019721136533600674
30,1001,Mandalajati,440132460.3848961,-0.6910760402679443,7828849.9604155505,0.01778748596176982,0.48417207893767944,0.03119213462453436,1,24767695.062770467,0.00037020212071009115,0.019998448464139007,0.019789891755780636
30,1001,Kiaracondong,440132460.3848961,-0.47061243653297424,20778885.501395073,0.04721052721997356,0.6773091563482605,0.05259176065499536,1,65736998.72202667,0.0006169301569181707,0.019842549395602847,0.019633674954015683
30,1001,Batununggal,440132460.3848961,1.8924647569656372,52569459.56841154,0.11944008747375623,0.5857584265777525,0.04713848169781315,1,52569459.56841154,0.0017798408176924376,0.03583295475867863,0.03588020097276628
30,1001,Sumur Bandung ,440132460.3848961,-1.8846632242202759,1006176.7263530293,0.002286077072054915,0.1072061793577772,0.013409179864442667,1,3183185.0736152953,0.0001662784315245309,0.019983111837576804,0.01979681790375235
30,1001,Andir,440132460.3848961,-1.675797462463379,10002687.427672245,0.02272653877636039,0.4254392335972201,0.040178190770567876,1,31644943.16144028,0.0004725133255261631,0.020026257636186064,0.019812043289016302
30,1001,Cicendo,440132460.3848961,-1.2264750003814697,9005506.267718567,0.020460900020514837,0.45198405919153073,0.0381590234437715,1,28490216.85847745,0.0004497136907847869,0.020013612984292207,0.01980093414649565
30,1001,Bandung Wetan,440132460.3848961,-1.289712905883789,494152.7966372736,0.0011227365420972057,0.07792707315459245,0.011164681519538838,1,1563323.5843592002,0.00013080116297941978,0.01990174512760202,0.019690092250120837
30,1001,Cibeunying Kidul,440132460.3848961,1.110650658607483,45162545.30253108,0.10261125767237528,0.4481048472153119,0.04583604747437084,1,45162545.30253108,0.0016719335938604816,0.03575244820817582,0.03576982425000166
30,1001,Cibeunying Kaler,440132460.3848961,-0.29904621839523315,4080488.111067469,0.009271045601815145,0.21182793857888718,0.025992443134597157,1,12909212.17716311,0.00032685696746069515,0.019917109405913215,0.019739726674289068
30,1001,Coblong,440132460.3848961,0.03987649083137512,15936731.738295771,0.03620894428999645,0.7098152802618932,0.04632544084423585,1,45997331.64168851,0.0005883880758985068,0.020843233311007677,0.020629454850415452
30,1001,Sukajadi,440132460.3848961,-1.05039381980896,11110817.514706226,0.025244258296672345,0.4863272116310551,0.03906716895976785,1,35150672.38403508,0.0004903404961087613,0.019933187800744233,0.019754372215013423
30,1001,Sukasari,440132460.3848961,1.2264354228973389,16190186.744309524,0.03678480503381004,0.34737920948082884,0.02959004506960359,1,16190186.744309524,0.0011539728575333454,0.035802425874982974,0.03587934541734226
30,1001,Cidadap,440132460.3848961,-0.6433882117271423,2148714.679031845,0.004881972752368214,0.2035287351586212,0.020359297056498943,1,6797768.537683745,0.00025670645217004825,0.020003489824563077,0.01982454961420667
31,1001,Bandung Kulon,413984252.433776,-0.011834833770990372,27287116.66746853,0.06591341701296614,0.8251471609873968,0.05315252864053058,1,97288652.71159296,0.0006002412075873475,0.019756983870483528,0.019563418234830574
31,1001,Babakan Ciparay,413984252.433776,-0.8178412914276123,27819864.991938565,0.06720029766443551,1.0,0.058457142772274207,1,99188097.32326348,0.000615626563412909,0.019795400885130206,0.01956748364532088
31,1001,Bojongloa Kaler,413984252.433776,-0.0563528835773468,15966547.425362809,0.03856800670918499,0.6577877942268633,0.04728213099884982,1,56926640.74402585,0.0005185030517530539,0.01972461556542189,0.019518349699339882
31,1001,Bojongloa Kidul,413984252.433776,-0.04110927879810333,7966080.648997815,0.019242472635531294,0.6081357030326551,0.036255973184494354,1,28402020.747646414,0.00038028539517396404,0.01999569304216453,0.01976148951949575
31,1001,Astanaanyar,413984252.433776,-0.6916595101356506,4153051.699217764,0.010031907433199084,0.2799838488906934,0.028517978791436645,1,14807163.73892984,0.0002980801158197692,0.019724636094983726,0.019495628033572746
31,1001,Regol,413984252.433776,0.3228415250778198,16339310.785606114,0.039468435549296334,0.253439512687931,0.03285551325114409,1,18326632.15949979,0.0010872329773811288,0.03409669262587841,0.034076634485328154
31,1001,Lengkong,413984252.433776,-0.4386537969112396,3763373.049475869,0.0090906188516866,0.2748108987544142,0.026176995366669346,1,13417815.377728334,0.00028625339290242304,0.019708648837483436,0.01950162009310113
31,1001,Bandung Kidul,413984252.433776,0.4813392162322998,11296626.598768014,0.027287575632058865,0.27179928688638383,0.024285314353393313,1,11296626.598768016,0.0009402326785802209,0.03603563593783588,0.036105780336645785
31,1001,Buahbatu,413984252.433776,-0.07310125231742859,12640200.599151969,0.03053304690901011,0.44562352258997256,0.04378691650924789,1,45066985.32065355,0.0004484047712596852,0.019826718326595053,0.01958388246807033
31,1001,Rancasari,413984252.433776,-0.05036836490035057,9582911.70232866,0.023148010210513048,0.5414970904452208,0.03686316124559252,1,34166620.82458875,0.0003823492339258767,0.01976862251428251,0.01953425428949237
31,1001,Gedebage,413984252.433776,1.8531118631362915,8483102.082105381,0.020491364181690463,0.19725574666707069,0.01741862186756227,1,8483102.082105383,0.0006919870269603405,0.0358621173252547,0.03595799891661407
31,1001,Cibiru,413984252.433776,0.6939467191696167,18625473.525439303,0.04499077782775993,0.3077485886627439,0.02957687255892665,1,18625473.525439307,0.001140119192772019,0.03588059678586145,0.03595039742056527
31,1001,Panyileukan ,413984252.433776,-0.5088998675346375,1327652.7179069687,0.0032070126100251835,0.17352203883420628,0.017211959807891537,1,4733572.46821331,0.0001762457610294306,0.019765073729349658,0.01952449782750508
31,1001,Ujung Berung,413984252.433776,0.972882091999054,45121894.1845827,0.10899422845027355,0.7429397736327443,0.03928835845823843,1,45121894.18458271,0.001455392404557083,0.03600591350741946,0.03603761662408561
31,1001,Cinambo,413984252.433776,-1.558800458908081,465645.7361071213,0.0011247909391954693,0.10637267434172007,0.010325355742488475,1,1660199.0917116024,0.00011242392229364206,0.019604732689472035,0.019399240101776172
31,1001,Arcamanik,413984252.433776,-1.5993741750717163,8557226.41917499,0.020670415284803293,0.5565537098694586,0.0317952529992568,1,30509673.829412267,0.0003554429090817965,0.019611270127805246,0.0194175651511918
31,1001,Antapani,413984252.433776,-0.8850956559181213,7480914.741511934,0.01807052973037576,0.5017938735980241,0.03438659769781833,1,26672225.03283674,0.0003555320862730239,0.019721136533600674,0.019486955288041938
31,1001,Mandalajati,413984252.433776,-0.6832236051559448,6946740.096870195,0.016780203730047547,0.581012917115699,0.029176411511822924,1,24767695.062770467,0.00032848987129479565,0.019789891755780636,0.019593528142646695
31,1001,Kiaracondong,413984252.433776,-0.47333624958992004,18437639.98680007,0.04453705636967312,0.6020939695934459,0.05191152952590872,1,65736998.72202667,0.0005474180089925237,0.019633674954015683,0.019412180200246345
31,1001,Batununggal,413984252.433776,1.8921655416488647,52569459.56841153,0.1269842011123863,0.5600310502360661,0.046429654416269076,1,52569459.56841154,0.0017798408176924374,0.03588020097276628,0.03594519242114194
31,1001,Sumur Bandung ,413984252.433776,-1.8920027017593384,892806.5098750689,0.0021566194960951773,0.12332772796877144,0.014185180685716087,1,3183185.0736152953,0.00014754313256181404,0.01979681790375235,0.01956279076133878
31,1001,Andir,413984252.433776,-1.6729363203048706,8875642.039585326,0.021439564397452867,0.48508949245743177,0.040521815616087524,1,31644943.16144028,0.0004192732369804986,0.019812043289016302,0.019574877567401897
31,1001,Cicendo,413984252.433776,-1.225871205329895,7990817.527336524,0.019302225822260696,0.4031287351757432,0.0379100482195232,1,28490216.85847745,0.00039904253417577843,0.01980093414649565,0.019572577603295113
31,1001,Bandung Wetan,413984252.433776,-1.3015389442443848,438474.4967316354,0.00105915742967005,0.09411185209443063,0.010666363001393711,1,1563323.5843592002,0.00011606323894067304,0.019690092250120837,0.01948139520099871
31,1001,Cibeunying Kidul,413984252.433776,1.10580313205719,45162545.30253107,0.10909242329152508,0.4760163618864559,0.04342728642552309,1,45162545.30253108,0.0016719335938604812,0.03576982425000166,0.035840999026921665
31,1001,Cibeunying Kaler,413984252.433776,-0.30024224519729614,3620722.139174822,0.008746038328484532,0.24142714140005858,0.025854485612765467,1,12909212.17716311,0.00029002860104373313,0.019739726674289068,0.01954335633201601
31,1001,Coblong,413984252.433776,0.03792412951588631,14216700.210149262,0.03434116183543351,0.6965053399844948,0.0439542006087335,1,45997331.64168851,0.0005248840866270454,0.020629454850415452,0.02042212757345579
31,1001,Sukajadi,413984252.433776,-1.0461970567703247,9858914.39083353,0.023814708730764182,0.4547995517301444,0.042088400968928845,1,35150672.38403508,0.00043509174433803476,0.019754372215013423,0.019518889171838125
31,1001,Sukasari,413984252.433776,1.2268418073654175,16190186.744309522,0.03910821884921679,0.3814060846397956,0.030113555508362512,1,16190186.744309524,0.0011539728575333454,0.03587934541734226,0.03594405132485447
31,1001,Cidadap,413984252.433776,-0.6543657183647156,1906609.846022876,0.004605512974984165,0.18319364944061217,0.02218236087067891,1,6797768.537683745,0.00022778224304100854,0.01982454961420667,0.019583156754059357
32,1001,Bandung Kulon,440126810.08444625,-0.010924562811851501,30852114.08655667,0.0700982384614042,0.7608243715848803,0.05375886737920606,1,97288652.71159296,0.0006786613053190497,0.019563418234830574,0.01940332427262581
32,1001,Babakan Ciparay,440126810.08444625,-0.8113745450973511,31454464.722802777,0.07146682274767055,1.0,0.05914563240478828,1,99188097.32326348,0.0006960567215873574,0.01956748364532088,0.019374551360599034
32,1001,Bojongloa Kaler,440126810.08444625,-0.06593858450651169,18052539.179523744,0.041016676934677164,0.6577065316981606,0.04741137034414608,1,56926640.74402585,0.0005862442522549259,0.019518349699339882,0.019350054714016584
32,1001,Bojongloa Kidul,440126810.08444625,-0.026810050010681152,9006830.29286848,0.020464170976406452,0.5218506884852291,0.03473643969632297,1,28402020.747646414,0.0004299687849154814,0.01976148951949575,0.019588040016576342
32,1001,Astanaanyar,440126810.08444625,-0.6922786831855774,4695638.106183292,0.010668829979437857,0.3341739666629578,0.027717602142396117,1,14807163.73892984,0.0003370235797455807,0.019495628033572746,0.01932039972908615
32,1001,Regol,440126810.08444625,0.30543747544288635,16544567.124426238,0.03759045517188982,0.24146268847472113,0.030775256390330866,1,18326632.15949979,0.0011008909255840814,0.034076634485328154,0.03411371260835805
32,1001,Lengkong,440126810.08444625,-0.4271405339241028,4255048.860150372,0.009667779291459122,0.20956306129542446,0.026401510656099105,1,13417815.377728334,0.00032365172337971317,0.01950162009310113,0.0193299361015645
32,1001,Bandung Kidul,440126810.08444625,0.4712792634963989,11296626.598768014,0.02566675408071722,0.2840565408592182,0.024305004097149984,1,11296626.598768016,0.0009402326785802209,0.036105780336645785,0.03616479628437244
32,1001,Buahbatu,440126810.08444625,-0.08597253262996674,14291612.987711731,0.03247158014520776,0.5057687916785192,0.04160889190489133,1,45066985.32065355,0.0005069877967851845,0.01958388246807033,0.01940673804597281
32,1001,Rancasari,440126810.08444625,-0.06543036550283432,10834896.50902244,0.024617669864154767,0.47110758219526705,0.035928964626505216,1,34166620.82458875,0.0004323022593314933,0.01953425428949237,0.019352894643664895
32,1001,Gedebage,440126810.08444625,1.8592486381530762,8483102.082105381,0.01927422253708595,0.2143885412784122,0.01837300882296509,1,8483102.082105383,0.0006919870269603405,0.03595799891661407,0.035997213726570026
32,1001,Cibiru,440126810.08444625,0.703710675239563,18625473.525439303,0.042318425278082175,0.3247387245018655,0.028728491787837724,1,18625473.525439307,0.001140119192772019,0.03595039742056527,0.036034298344677355
32,1001,Panyileukan ,440126810.08444625,-0.5070086121559143,1501107.4134126478,0.0034106247995313744,0.1740704993624156,0.015665803518928424,1,4733572.46821331,0.00019927185392345256,0.01952449782750508,0.019368681941484736
32,1001,Ujung Berung,440126810.08444625,0.9605105519294739,45121894.1845827,0.10252021269943827,0.7399758548535662,0.03849793443289485,1,45121894.18458271,0.001455392404557083,0.03603761662408561,0.036078274579168707
32,1001,Cinambo,440126810.08444625,-1.5605523586273193,526481.2530164748,0.001196203550779967,0.10166320640947152,0.010165187668167127,1,1660199.0917116024,0.00012711184252005495,0.019399240101776172,0.019239724625551763
32,1001,Arcamanik,440126810.08444625,-1.5826071500778198,9675207.863336926,0.02198277324092246,0.6614172392746162,0.033142900090503684,1,30509673.829412267,0.000401880686621718,0.0194175651511918,0.019243612129150756
32,1001,Antapani,440126810.08444625,-0.8735818266868591,8458278.60413299,0.019217821796654735,0.5222433055668472,0.034040842120659436,1,26672225.03283674,0.00040198151460259956,0.019486955288041938,0.01929839086542782
32,1001,Mandalajati,440126810.08444625,-0.6780405044555664,7854315.302349604,0.017845573417448968,0.5023582876941491,0.030026477999635592,1,24767695.062770467,0.00037140629803323065,0.019593528142646695,0.019422988391206094
32,1001,Kiaracondong,440126810.08444625,-0.4651399254798889,20846474.154514883,0.047364699620355125,0.6253062957399007,0.051491595267746056,1,65736998.72202667,0.0006189368804439486,0.019412180200246345,0.01923438991608831
32,1001,Batununggal,440126810.08444625,1.8956049680709839,52569459.56841153,0.11944162083269849,0.6119151385912219,0.046698206251315,1,52569459.56841154,0.0017798408176924374,0.03594519242114194,0.0359950119724083
32,1001,Sumur Bandung ,440126810.08444625,-1.8820728063583374,1009449.5741547141,0.0022935425677909353,0.11168543656931577,0.013164964265946951,1,3183185.0736152953,0.00016681929475941728,0.01956279076133878,0.019404097066333736
32,1001,Andir,440126810.08444625,-1.6882870197296143,10035223.733373983,0.022800755381042443,0.46354561052269955,0.039188754395353645,1,31644943.16144028,0.0004740502962771367,0.019574877567401897,0.019394663384346318
32,1001,Cicendo,440126810.08444625,-1.225121021270752,9034798.986004936,0.02052771787356341,0.36203298581085536,0.03772139509385768,1,28490216.85847745,0.00045117649987758645,0.019572577603295113,0.019387154053473087
32,1001,Bandung Wetan,440126810.08444625,-1.289486289024353,495760.15531673015,0.0011264029910416265,0.09219860702312588,0.01130119311725303,1,1563323.5843592002,0.00013122662730144467,0.01948139520099871,0.019285012938941585
32,1001,Cibeunying Kidul,440126810.08444625,1.1067110300064087,45162545.30253107,0.10261257498461823,0.5058993431882975,0.04478206971493414,1,45162545.30253108,0.0016719335938604812,0.035840999026921665,0.035875292746410894
32,1001,Cibeunying Kaler,440126810.08444625,-0.3151804208755493,4093760.9449487636,0.009301321462701401,0.2339552094539083,0.02693829636408652,1,12909212.17716311,0.0003279201535585256,0.01954335633201601,0.019367095372636284
32,1001,Coblong,440126810.08444625,0.03613187372684479,15856290.002343645,0.03602663968437035,0.7516983572624109,0.04229914094342945,1,45997331.64168851,0.0005854181471191278,0.02042212757345579,0.02027118977770369
32,1001,Sukajadi,440126810.08444625,-1.0327496528625488,11146958.297657678,0.02532669685702385,0.3910757826637322,0.04183300056956047,1,35150672.38403508,0.0004919354543032163,0.019518889171838125,0.019327254870106295
32,1001,Sukasari,440126810.08444625,1.2146004438400269,16190186.744309522,0.03678527727316394,0.35533185436035547,0.029743365374859877,1,16190186.744309524,0.0011539728575333454,0.03594405132485447,0.03600910079872818
32,1001,Cidadap,440126810.08444625,-0.6492963433265686,2155703.9244889594,0.004897915498661281,0.18115004328215142,0.02208653252259358,1,6797768.537683745,0.0002575414557292224,0.019583156754059357,0.019385259221100487
33,1001,Bandung Kulon,499913176.69011617,-0.02135654166340828,38878847.7385077,0.07777120018304247,0.6829024147769249,0.0547345696287611,1,97288652.71159296,0.000855227278153147,0.01940332427262581,0.019318524188678392
33,1001,Babakan Ciparay,499913176.69011617,-0.7972425818443298,39637910.751373,0.07928958987201004,1.0,0.05586269561935678,1,99188097.32326348,0.0008771484255515414,0.019374551360599034,0.019292527688056834
33,1001,Bojongloa Kaler,499913176.69011617,-0.09069397300481796,22749232.68094532,0.0455063673887656,0.7828547591798368,0.04890935094855009,1,56926640.74402585,0.0007387662627283634,0.019350054714016584,0.019251484112812415
33,1001,Bojongloa Kidul,499913176.69011617,0.008179694414138794,11639673.369280098,0.023283389820499257,0.5654466680530282,0.03470454124260094,1,28402020.747646414,0.0005556556582802631,0.019588040016576342,0.01950788349582795
33,1001,Astanaanyar,499913176.69011617,-0.6922819018363953,5917293.007968716,0.011836641408707457,0.312974015349373,0.027957640270266097,1,14807163.73892984,0.00042470633955436814,0.01932039972908615,0.019225231036956288
33,1001,Regol,499913176.69011617,0.2933473289012909,17707986.893778764,0.0354221247197801,0.2621004502359148,0.032265982599911036,1,18326632.15949979,0.001178305962018269,0.03411371260835805,0.03417268408096499
33,1001,Lengkong,499913176.69011617,-0.41788342595100403,5362076.527059818,0.010726015590470496,0.22988222750126291,0.027665725344865996,1,13417815.377728334,0.0004078555536999139,0.0193299361015645,0.019220851234414832
33,1001,Bandung Kidul,499913176.69011617,0.4603043794631958,11296626.598768014,0.022597177120959374,0.2611110700970777,0.024373932555810576,1,11296626.598768016,0.0009402326785802209,0.03616479628437244,0.036223247439577624
33,1001,Buahbatu,499913176.69011617,-0.09647803008556366,18009833.741961807,0.03602592326372237,0.5682073587658037,0.04282917629850559,1,45066985.32065355,0.0006388898116087764,0.01940673804597281,0.019300834428479897
33,1001,Rancasari,499913176.69011617,-0.08479438722133636,13653790.156970946,0.027312323006509976,0.47571632710177053,0.03581706989121101,1,34166620.82458875,0.0005447734852272432,0.019352894643664895,0.01925736721254651
33,1001,Gedebage,499913176.69011617,1.8598326444625854,8483102.082105381,0.016969150799887492,0.2805870050722085,0.01747276751927629,1,8483102.082105383,0.0006919870269603405,0.035997213726570026,0.03608080065019313
33,1001,Cibiru,499913176.69011617,0.7119237184524536,18625473.525439303,0.03725741667534556,0.3495988932205318,0.029153605888848955,1,18625473.525439307,0.001140119192772019,0.036034298344677355,0.03610685411515481
33,1001,Panyileukan ,499913176.69011617,-0.5031793117523193,1891647.567537212,0.0037839522055842863,0.18148362011862643,0.01681812641236318,1,4733572.46821331,0.00025111601900356956,0.019368681941484736,0.01926431939519537
33,1001,Ujung Berung,499913176.69011617,0.9300175309181213,45121894.1845827,0.0902594616195777,0.6414100408937427,0.0388203915915596,1,45121894.18458271,0.001455392404557083,0.036078274579168707,0.03611451275929913
33,1001,Cinambo,499913176.69011617,-1.5517213344573975,663454.8418879766,0.0013271401371747317,0.10206415099452149,0.01087115051147924,1,1660199.0917116024,0.00016018227980207583,0.019239724625551763,0.01913305601274748
33,1001,Arcamanik,499913176.69011617,-1.5559470653533936,12192387.60435529,0.024389010277904816,0.7101006224925147,0.033599833436720836,1,30509673.829412267,0.0005064371919660736,0.019243612129150756,0.01914710165909527
33,1001,Antapani,499913176.69011617,-0.8541156053543091,10658852.260735497,0.021321406911709903,0.5210235161699104,0.03364288615681273,1,26672225.03283674,0.0005065642521638118,0.01929839086542782,0.019199862552009925
33,1001,Mandalajati,499913176.69011617,-0.6677273511886597,9897757.018321805,0.019798952057743378,0.47329816017716664,0.030125450726994053,1,24767695.062770467,0.00046803434182323105,0.019422988391206094,0.01933498691946092
33,1001,Kiaracondong,499913176.69011617,-0.45303893089294434,26270060.20606145,0.05254924541095985,0.6848978285210747,0.05254558851754694,1,65736998.72202667,0.0007799644674921172,0.01923438991608831,0.019131235870054178
33,1001,Batununggal,499913176.69011617,1.8835691213607788,52569459.56841153,0.10515717932555724,0.5224430404113759,0.04836889277395809,1,52569459.56841154,0.0017798408176924374,0.0359950119724083,0.03601707726468812
33,1001,Sumur Bandung ,499913176.69011617,-1.857608675956726,1272076.078260177,0.00254459401667003,0.11245304101019002,0.013551846089861512,1,3183185.0736152953,0.00021022034154938776,0.019404097066333736,0.01931593102205317
33,1001,Andir,499913176.69011617,-1.6970479488372803,12646068.09300343,0.025296528842732254,0.5023497621152058,0.03766962906449871,1,31644943.16144028,0.0005973830265778799,0.019394663384346318,0.019316422905140355
33,1001,Cicendo,499913176.69011617,-1.2239234447479248,11385364.812908135,0.022774684372773878,0.4108173142088692,0.03628722891274448,1,28490216.85847745,0.0005685581996981154,0.019387154053473087,0.01930385552484027
33,1001,Bandung Wetan,499913176.69011617,-1.268589735031128,624741.0968111479,0.0012496991996640437,0.09938740102433452,0.010303210674783807,1,1563323.5843592002,0.00016536760002173903,0.019285012938941585,0.019214770591205774
33,1001,Cibeunying Kidul,499913176.69011617,1.1062554121017456,45162545.30253107,0.09034077797578483,0.5312969880804412,0.04561430517737251,1,45162545.30253108,0.0016719335938604812,0.035875292746410894,0.035896786545675574
33,1001,Cibeunying Kaler,499913176.69011617,-0.3321046829223633,5158826.65317461,0.010319445243133567,0.23085230286904632,0.027493493929494062,1,12909212.17716311,0.0004132344929369112,0.019367095372636284,0.019265794383296054
33,1001,Coblong,499913176.69011617,0.031096719205379486,19482417.976186965,0.0389716032395434,0.6985934227389965,0.044785601377832794,1,45997331.64168851,0.0007192956884197998,0.02027118977770369,0.020173555924093502
33,1001,Sukajadi,499913176.69011617,-1.0210366249084473,14047040.445470376,0.028098960180395063,0.42145318791782854,0.04061967718565752,1,35150672.38403508,0.0006199213308809255,0.019327254870106295,0.01923396647275669
33,1001,Sukasari,499913176.69011617,1.1941086053848267,16190186.744309522,0.03238599720756194,0.2818897266306366,0.02990504168772505,1,16190186.744309524,0.0011539728575333454,0.03600910079872818,0.0360711580012196
33,1001,Cidadap,499913176.69011617,-0.63609379529953,2716549.161408334,0.005434041925828764,0.15903905972531832,0.02033193120457443,1,6797768.537683745,0.0003245455081476259,0.019385259221100487,0.01931008496545057
34,1001,Bandung Kulon,463157772.2696869,-0.01854492351412773,33983437.35198589,0.07337335004754718,0.7145289950399624,0.05646811065429121,1,97288652.71159296,0.0007475417693524071,0.019318524188678392,0.019183654399379576
34,1001,Babakan Ciparay,463157772.2696869,-0.8001441359519958,34646923.330722034,0.07480587697133119,0.9643952417079252,0.058513396193899114,1,99188097.32326348,0.0007667027265985534,0.019292527688056834,0.019153696339732636
34,1001,Bojongloa Kaler,463157772.2696869,-0.06262751668691635,19884774.590501513,0.042933047399932284,0.6997088806121409,0.04760261845601394,1,56926640.74402585,0.0006457448835944779,0.019251484112812415,0.019128829520499074
34,1001,Bojongloa Kidul,463157772.2696869,-0.028920330107212067,9920975.014514018,0.02142029262706023,0.5133122527393841,0.035680023808506975,1,28402020.747646414,0.00047360829875355703,0.01950788349582795,0.01937005637327138
34,1001,Astanaanyar,463157772.2696869,-0.6932807564735413,5172220.061205124,0.011167296266796639,0.34374322672219687,0.028130927348705523,1,14807163.73892984,0.0003712296562982219,0.019225231036956288,0.01909151011922789
34,1001,Regol,463157772.2696869,0.29755398631095886,16960683.41652989,0.03661966705948754,0.28696054739437055,0.030662726043717253,1,18326632.15949979,0.0011285796917221977,0.03417268408096499,0.034238498763901386
34,1001,Lengkong,463157772.2696869,-0.42953893542289734,4686913.38178238,0.010119474750071319,0.19964094319992715,0.027018422772595575,1,13417815.377728334,0.00035650062859482636,0.019220851234414832,0.019087201397371613
34,1001,Bandung Kidul,463157772.2696869,0.464679479598999,11296626.598768018,0.024390450242061858,0.2720165997463865,0.02561117701794895,1,11296626.598768016,0.0009402326785802211,0.036223247439577624,0.03624443115667987
34,1001,Buahbatu,463157772.2696869,-0.09799985587596893,15742134.664228931,0.033988708830438495,0.5525088124602127,0.041202849058277126,1,45066985.32065355,0.000558444325141985,0.019300834428479897,0.019176405288574245
34,1001,Rancasari,463157772.2696869,-0.06405027210712433,11934580.09705906,0.025767850204853747,0.5234379317644232,0.03495026640719719,1,34166620.82458875,0.0004761786082437438,0.01925736721254651,0.019136387213391035
34,1001,Gedebage,463157772.2696869,1.857635736465454,8483102.082105385,0.01831579342938426,0.281817985716906,0.018505818292122427,1,8483102.082105383,0.0006919870269603408,0.03608080065019313,0.03612065058098985
34,1001,Cibiru,463157772.2696869,0.7095395922660828,18625473.52543931,0.04021410119961042,0.3377830187129679,0.02841650660236725,1,18625473.525439307,0.0011401191927720195,0.03610685411515481,0.03620281813566685
34,1001,Panyileukan ,463157772.2696869,-0.5028871893882751,1653461.7238608727,0.0035699751204824794,0.19698957707405418,0.01656719334928398,1,4733572.46821331,0.0002194968728827728,0.01926431939519537,0.019131165902317008
34,1001,Ujung Berung,463157772.2696869,0.9530262351036072,45121894.18458272,0.09742229729507636,0.5505100179823256,0.0368860709784847,1,45121894.18458271,0.0014553924045570836,0.03611451275929913,0.036197250666474494
34,1001,Cinambo,463157772.2696869,-1.5465675592422485,579916.2620974621,0.0012520922606039937,0.11138479428880466,0.010817862648395137,1,1660199.0917116024,0.00014001300931458773,0.01913305601274748,0.018993620284316125
34,1001,Arcamanik,463157772.2696869,-1.5643938779830933,10657189.305364968,0.023009846629885575,0.783700059510223,0.03452762288400793,1,30509673.829412267,0.00044266940989736505,0.01914710165909527,0.01900306660604071
34,1001,Antapani,463157772.2696869,-0.8688352108001709,9316748.286447063,0.020115711846506845,0.5039812166816149,0.034029425916779356,1,26672225.03283674,0.0004427804713747733,0.019199862552009925,0.019060742169313052
34,1001,Mandalajati,463157772.2696869,-0.6766173839569092,8651485.965314986,0.01867934963699024,0.5754673808605417,0.03181060886300012,1,24767695.062770467,0.0004091020351452993,0.01933498691946092,0.019186549839951474
34,1001,Kiaracondong,463157772.2696869,-0.45417138934135437,22962278.904201217,0.04957766074328289,0.7149183426159753,0.053183505500028434,1,65736998.72202667,0.0006817556373086786,0.019131235870054178,0.018987624584787453
34,1001,Batununggal,463157772.2696869,1.8844209909439087,52569459.56841155,0.11350227226199168,0.5016526198769031,0.04766792622416607,1,52569459.56841154,0.001779840817692438,0.03601707726468812,0.03605711070430986
34,1001,Sumur Bandung ,463157772.2696869,-1.8750189542770386,1111903.2642960192,0.0024007008645178934,0.1038953276301613,0.01403515301183633,1,3183185.0736152953,0.00018375055390545646,0.01931593102205317,0.019176030760411446
34,1001,Andir,463157772.2696869,-1.6802501678466797,11053744.845474813,0.023866046317880748,0.5277463524565349,0.03942015224319715,1,31644943.16144028,0.0005221638458884102,0.019316422905140355,0.019181640392446117
34,1001,Cicendo,463157772.2696869,-1.2245814800262451,9951782.379233113,0.021486808545746264,0.4488611938540511,0.03803282240029756,1,28490216.85847745,0.0004969684824599796,0.01930385552484027,0.019163463673985633
34,1001,Bandung Wetan,463157772.2696869,-1.2801063060760498,546077.1385892803,0.001179030497347049,0.10883587962711963,0.011302504398551367,1,1563323.5843592002,0.00014454542256973622,0.019214770591205774,0.019067543251504577
34,1001,Cibeunying Kidul,463157772.2696869,1.0931071043014526,45162545.302531086,0.09751006677749087,0.3995902041560978,0.0435018259431865,1,45162545.30253108,0.001671933593860482,0.035896786545675574,0.03596294148245014
34,1001,Cibeunying Kaler,463157772.2696869,-0.3135978877544403,4509255.612641866,0.009735895374365481,0.2440907048569278,0.02694135369208859,1,12909212.17716311,0.0003612022814269803,0.019265794383296054,0.01913771991006095
34,1001,Coblong,463157772.2696869,0.02992923930287361,17129187.940397352,0.03698348374131005,0.7187035895642293,0.04568796903570114,1,45997331.64168851,0.0006324138536972124,0.020173555924093502,0.020030294582213354
34,1001,Sukajadi,463157772.2696869,-1.0318831205368042,12278314.475010656,0.02651000417166972,0.4108178797039794,0.04172024279804525,1,35150672.38403508,0.0005418642510406936,0.01923396647275669,0.0190930160716898
34,1001,Sukasari,463157772.2696869,1.2027992010116577,16190186.744309528,0.03495609425913363,0.24942002262065155,0.03075151371257465,1,16190186.744309524,0.0011539728575333456,0.0360711580012196,0.03611415836823201
34,1001,Cidadap,463157772.2696869,-0.6440282464027405,2374496.2520808843,0.005126754627143049,0.15087661695029495,0.021586214205982317,1,6797768.537683745,0.00028368052515814106,0.01931008496545057,0.019172025318577854
35,1001,Bandung Kulon,450682911.2398095,-0.0028568878769874573,32312568.254724704,0.07169690141087047,0.8327780649408434,0.05541599565312381,1,97288652.71159296,0.0007107872636681875,0.019183654399379576,0.019040277766128537
35,1001,Babakan Ciparay,450682911.2398095,-0.8158818483352661,32943432.51227197,0.07309669767963022,1.0,0.05719201778707185,1,99188097.32326348,0.0007290061310661257,0.019153696339732636,0.019008317734886728
35,1001,Bojongloa Kaler,450682911.2398095,-0.041272372007369995,18907096.699205685,0.04195210474520338,0.723838183306822,0.04728760747629069,1,56926640.74402585,0.0006139954416667183,0.019128829520499074,0.01899195497165454
35,1001,Bojongloa Kidul,450682911.2398095,-0.049909792840480804,9433188.849896297,0.0209308775962816,0.4719123022941952,0.035695415840087,1,28402020.747646414,0.00045032232381236946,0.01937005637327138,0.01921558271706192
35,1001,Astanaanyar,450682911.2398095,-0.7036263346672058,4917916.690566339,0.010912143699962707,0.3753696666848215,0.02755466254636572,1,14807163.73892984,0.0003529773484380418,0.01909151011922789,0.01895007152410172
35,1001,Regol,450682911.2398095,0.2902214229106903,16326224.360250853,0.03622552342918463,0.2734531717981371,0.030709275133356438,1,18326632.15949979,0.0010863621944338573,0.034238498763901386,0.03425744688456385
35,1001,Lengkong,450682911.2398095,-0.43554583191871643,4456471.16223738,0.009888263013962117,0.23051395547828932,0.027450362538744815,1,13417815.377728334,0.0003389725051944878,0.019087201397371613,0.01893019623074503
35,1001,Bandung Kidul,450682911.2398095,0.47691166400909424,11296626.598768014,0.025065575634300126,0.3186885442831492,0.02368800113100242,1,11296626.598768016,0.0009402326785802209,0.03624443115667987,0.036312875066125676
35,1001,Buahbatu,450682911.2398095,-0.11952382326126099,14968138.612477353,0.03321212817078119,0.6129733781242841,0.04272588307562157,1,45066985.32065355,0.0005309872037285123,0.019176405288574245,0.01901942255535177
35,1001,Rancasari,450682911.2398095,-0.06242138147354126,11347790.689430198,0.02517910132916491,0.4736080663409335,0.033978767636484906,1,34166620.82458875,0.00045276625848493355,0.019136387213391035,0.01900996066166274
35,1001,Gedebage,450682911.2398095,1.8581618070602417,8483102.082105381,0.018822772886526205,0.281678581174804,0.017853822120418746,1,8483102.082105383,0.0006919870269603405,0.03612065058098985,0.03617271278628119
35,1001,Cibiru,450682911.2398095,0.6988396644592285,18625473.525439303,0.041327223777359166,0.38190946969118394,0.030132489128447758,1,18625473.525439307,0.001140119192772019,0.03620281813566685,0.036233618849398234
35,1001,Panyileukan ,450682911.2398095,-0.5017499923706055,1572165.7069427401,0.0034884076314714916,0.19425106709570553,0.01646504889018792,1,4733572.46821331,0.00020870483504249648,0.019131165902317008,0.01898408186748145
35,1001,Ujung Berung,450682911.2398095,0.9574060440063477,45121894.1845827,0.1001189374153422,0.5819471313044117,0.03673199239463719,1,45121894.18458271,0.001455392404557083,0.036197250666474494,0.03626526339678066
35,1001,Cinambo,450682911.2398095,-1.5355842113494873,551403.4265269531,0.0012234842120151968,0.09231866304351755,0.010265566898814847,1,1660199.0917116024,0.00013312896730155647,0.018993620284316125,0.018860137727061847
35,1001,Arcamanik,450682911.2398095,-1.5649142265319824,10133205.575009448,0.022484113158702718,0.7121439373628912,0.033178104723639704,1,30509673.829412267,0.0004209046122508101,0.01900306660604071,0.0188601552388328
35,1001,Antapani,450682911.2398095,-0.8753005266189575,8858670.233966717,0.019656104132275382,0.5515746072750459,0.0314619081931227,1,26672225.03283674,0.000421010213150803,0.019060742169313052,0.01893812457302677
35,1001,Mandalajati,450682911.2398095,-0.692934513092041,8226116.971734092,0.018252560207140747,0.55036070768784,0.030789686787852016,1,24767695.062770467,0.00038898764997963883,0.019186549839951474,0.01903637892876543
35,1001,Kiaracondong,450682911.2398095,-0.46360933780670166,21833288.86630912,0.048444900664741594,0.7292922187088822,0.04914054960476733,1,65736998.72202667,0.0006482356488959672,0.018987624584787453,0.018861265235830867
35,1001,Batununggal,450682911.2398095,1.8999660015106201,52569459.56841153,0.11664400459248653,0.5961805259079686,0.044779606061900144,1,52569459.56841154,0.0017798408176924374,0.03605711070430986,0.0361303126406818
35,1001,Sumur Bandung ,450682911.2398095,-1.8786303997039795,1057234.1387389635,0.0023458491821457296,0.10974418322080505,0.014101503264389146,1,3183185.0736152953,0.00017471606104514813,0.019176030760411446,0.019017725266648036
35,1001,Andir,450682911.2398095,-1.679377555847168,10510263.605480865,0.02332075022895272,0.5665451477487721,0.03721960363529416,1,31644943.16144028,0.0004964905325986051,0.019181640392446117,0.019054395408742077
35,1001,Cicendo,450682911.2398095,-1.2439496517181396,9462481.503989035,0.02099587374626243,0.3825133374840493,0.03708853728773852,1,28490216.85847745,0.0004725339536318757,0.019163463673985633,0.01901759561755301
35,1001,Bandung Wetan,450682911.2398095,-1.3034071922302246,519228.0766142025,0.001152091778199063,0.11310297597027015,0.011222950625200305,1,1563323.5843592002,0.00013743853466958628,0.019067543251504577,0.018907517744756828
35,1001,Cibeunying Kidul,450682911.2398095,1.1027075052261353,45162545.30253107,0.10020913634885964,0.3805739430721767,0.043767993645633725,1,45162545.30253108,0.0016719335938604812,0.03596294148245014,0.03600666236977339
35,1001,Cibeunying Kaler,450682911.2398095,-0.3049167990684509,4287548.321034575,0.009513447734771465,0.23835742288350262,0.027808883614757123,1,12909212.17716311,0.00034344299111018395,0.01913771991006095,0.018979199388442513
35,1001,Coblong,450682911.2398095,0.03967202827334404,16676815.336745612,0.037003433946204894,0.6551514091581914,0.0464895838459802,1,45997331.64168851,0.0006157121453279714,0.020030294582213354,0.019868686427588676
35,1001,Sukajadi,450682911.2398095,-1.0547171831130981,11674624.624267789,0.02590429841715408,0.42564362160611524,0.039010451926981424,1,35150672.38403508,0.0005152223247812371,0.0190930160716898,0.01896418820833018
35,1001,Sukasari,450682911.2398095,1.2074705362319946,16190186.744309522,0.03592367569422814,0.23707591874081066,0.03127665360531864,1,16190186.744309524,0.0011539728575333454,0.03611415836823201,0.036126034603563534
35,1001,Cidadap,450682911.2398095,-0.6392039656639099,2257749.0152410357,0.005009617535819285,0.15812734785880558,0.022212363382448565,1,6797768.537683745,0.00026973275942531816,0.019172025318577854,0.01900496409020612
36,1001,Bandung Kulon,485034058.7868085,-0.009470459073781967,36841716.32808822,0.07595696768230785,0.8069003267732614,0.05627518329681892,1,97288652.71159296,0.000810416013089657,0.019040277766128537,0.018937224337529885
36,1001,Babakan Ciparay,485034058.7868085,-0.8288336992263794,37561006.78605693,0.07743993665105993,0.9953631830931808,0.055620007412176486,1,99188097.32326348,0.0008311885601432555,0.019008317734886728,0.01892108291878522
36,1001,Bojongloa Kaler,485034058.7868085,-0.06349796056747437,21557243.227734376,0.04444480307559109,0.6128366495645841,0.04891751977291541,1,56926640.74402585,0.0007000571947826186,0.01899195497165454,0.01888743810431459
36,1001,Bojongloa Kidul,485034058.7868085,-0.018141992390155792,10755408.389005043,0.022174542579354136,0.40278258902742514,0.03490137573796004,1,28402020.747646414,0.000513442545925607,0.01921558271706192,0.019117686841881955
36,1001,Astanaanyar,485034058.7868085,-0.7085670232772827,5607245.1502682045,0.011560518377396687,0.2994740630728917,0.0267286439330079,1,14807163.73892984,0.00040245304052838993,0.01895007152410172,0.018867321537456568
36,1001,Regol,485034058.7868085,0.30606138706207275,17625275.668934353,0.036338222748768564,0.28470837033411006,0.033019519938551685,1,18326632.15949979,0.001172802279982326,0.03425744688456385,0.03428324024837832
36,1001,Lengkong,485034058.7868085,-0.43368077278137207,5081120.296262689,0.01047580103750207,0.22647239843790987,0.025954675686467196,1,13417815.377728334,0.0003864851837510843,0.01893019623074503,0.01884353819796378
36,1001,Bandung Kidul,485034058.7868085,0.4739656150341034,11296626.598768016,0.023290378055148758,0.2981612972289173,0.024958760216906697,1,11296626.598768016,0.000940232678580221,0.036312875066125676,0.036340300796781314
36,1001,Buahbatu,485034058.7868085,-0.11352978646755219,17066174.13921476,0.0351855170375077,0.5845090008848788,0.043623363770702105,1,45066985.32065355,0.0006054139608896681,0.01901942255535177,0.018901103975964954
36,1001,Rancasari,485034058.7868085,-0.07341642677783966,12938373.769450465,0.026675186072113315,0.3994754532988349,0.0358338729650435,1,34166620.82458875,0.0005162290390084593,0.01900996066166274,0.018907712953108002
36,1001,Gedebage,485034058.7868085,1.8815569877624512,8483102.082105383,0.017489703925789756,0.3262089990043083,0.017680366277775358,1,8483102.082105383,0.0006919870269603406,0.03617271278628119,0.036233234685156754
36,1001,Cibiru,485034058.7868085,0.6925539970397949,18625473.525439307,0.03840034155957269,0.32885684238995994,0.02999160420406226,1,18625473.525439307,0.0011401191927720193,0.036233618849398234,0.03627001067215211
36,1001,Panyileukan ,485034058.7868085,-0.5104848742485046,1792531.0838597154,0.003695680852481337,0.1854350424457738,0.01667885920067245,1,4733572.46821331,0.00023795831604353572,0.01898408186748145,0.01887849762198419
36,1001,Ujung Berung,485034058.7868085,0.9631066918373108,45121894.18458271,0.09302830052273825,0.5513372834025504,0.03935699297380728,1,45121894.18458271,0.0014553924045570832,0.03626526339678066,0.03627863459772411
36,1001,Cinambo,485034058.7868085,-1.5464242696762085,628691.8595358466,0.001296180851935145,0.09472518268255553,0.010067583766645204,1,1660199.0917116024,0.0001517892236145023,0.018860137727061847,0.018780171998257256
36,1001,Arcamanik,485034058.7868085,-1.5851504802703857,11553544.192022342,0.023820067854452627,0.7291422135847542,0.031480661971612256,1,30509673.829412267,0.00047990144898064284,0.0188601552388328,0.018784489568887452
36,1001,Antapani,485034058.7868085,-0.8926286697387695,10100361.35880841,0.020824024985115354,0.5348997203516855,0.03264703804188645,1,26672225.03283674,0.0004800218516168821,0.01893812457302677,0.018846170445987298
36,1001,Mandalajati,485034058.7868085,-0.7016807794570923,9379145.153836101,0.019337085682798627,0.6005006410328175,0.02923629426656158,1,24767695.062770467,0.00044351078944596323,0.01903637892876543,0.018954413635537393
36,1001,Kiaracondong,485034058.7868085,-0.46826592087745667,24893590.27672313,0.05132338611228297,0.7844740920210331,0.05247817846636707,1,65736998.72202667,0.0007390967409991435,0.018861265235830867,0.018753682491150444
36,1001,Batununggal,485034058.7868085,1.925669550895691,52569459.56841154,0.10838302716287782,0.6857557843497627,0.04432536689777068,1,52569459.56841154,0.0017798408176924376,0.0361303126406818,0.036211187104459246
36,1001,Sumur Bandung ,485034058.7868085,-1.8865216970443726,1205423.2249427058,0.002485234187384224,0.12047322288964324,0.014413723229922898,1,3183185.0736152953,0.0001992054456409575,0.019017725266648036,0.018897657453123915
36,1001,Andir,485034058.7868085,-1.7087056636810303,11983453.22581833,0.024706415990233644,0.5615913959316223,0.04020079321062581,1,31644943.16144028,0.0005660820030578868,0.019054395408742077,0.01894130944108655
36,1001,Cicendo,485034058.7868085,-1.2669620513916016,10788806.899580682,0.022243400652247364,0.4353045861578799,0.03584638806079749,1,28490216.85847745,0.0005387675079819765,0.01901759561755301,0.018932416189624133
36,1001,Bandung Wetan,485034058.7868085,-1.305770754814148,592006.5950004531,0.0012205464426172663,0.11466148699612315,0.010324427495946965,1,1563323.5843592002,0.00015670284908735603,0.018907517744756828,0.018828980752949236
36,1001,Cibeunying Kidul,485034058.7868085,1.1216965913772583,45162545.30253108,0.09311211137521745,0.4134941881929711,0.0449090134641105,1,45162545.30253108,0.0016719335938604816,0.03600666236977339,0.03603117877992442
36,1001,Cibeunying Kaler,485034058.7868085,-0.3227684199810028,4888520.087332578,0.010078715089740274,0.1988718441220863,0.026773842392597023,1,12909212.17716311,0.0003915822832034222,0.018979199388442513,0.018884004850972892
36,1001,Coblong,485034058.7868085,0.04128710553050041,18859903.724688046,0.03888366885381489,0.619254455005518,0.042725607627251735,1,45997331.64168851,0.0006963123083470411,0.019868686427588676,0.019792402982065818
36,1001,Sukajadi,485034058.7868085,-1.066355586051941,13311018.958738964,0.027443472716190596,0.5003003372004402,0.040801199800342004,1,35150672.38403508,0.0005874393699025455,0.01896418820833018,0.018862938688269597
36,1001,Sukasari,485034058.7868085,1.2260280847549438,16190186.744309524,0.033379484287774,0.24146040318914547,0.028952023617275658,1,16190186.744309524,0.0011539728575333454,0.036126034603563534,0.036201402028457084
36,1001,Cidadap,485034058.7868085,-0.6548763513565063,2574210.384758518,0.005307277577985476,0.16991655531223607,0.021949731494532342,1,6797768.537683745,0.00030754032699604426,0.01900496409020612,0.018891147479029546
37,1001,Bandung Kulon,485878530.7794067,-0.0161825530230999,36920684.92034188,0.07598747954785474,0.9584237453942548,0.053854999546734623,1,97288652.71159296,0.0008121531040309039,0.018937224337529885,0.018853705330570403
37,1001,Babakan Ciparay,485878530.7794067,-0.8355243802070618,37641517.145647965,0.0774710442242972,0.9961269846681253,0.05854786112597382,1,99188097.32326348,0.0008329701761219288,0.01892108291878522,0.018814385728931904
37,1001,Bojongloa Kaler,485878530.7794067,-0.06929574906826019,21603450.226762436,0.04446265652468312,0.5716082955728163,0.047512924969780414,1,56926640.74402585,0.0007015577364695672,0.01888743810431459,0.01879671811458831
37,1001,Bojongloa Kidul,485878530.7794067,-0.012463510036468506,10778462.13199653,0.022183450078987022,0.4080967509266732,0.03619088277154397,1,28402020.747646414,0.0005145430873524453,0.019117686841881955,0.01900658191321469
37,1001,Astanaanyar,485878530.7794067,-0.7083554863929749,5619264.032667564,0.011565162230266893,0.2851022402400143,0.02904998967452566,1,14807163.73892984,0.00040331568085099896,0.018867321537456568,0.018751917519045255
37,1001,Regol,485878530.7794067,0.31692811846733093,17955227.826525416,0.03695414942027404,0.2921921992914012,0.03153798087854535,1,18326632.15949979,0.001194757604255066,0.03428324024837832,0.03435093505562478
37,1001,Lengkong,485878530.7794067,-0.42748695611953735,5092011.453267812,0.010480009160107615,0.1928645046729564,0.02579110882642545,1,13417815.377728334,0.0003873135976777301,0.01884353819796378,0.018760596024849988
37,1001,Bandung Kidul,485878530.7794067,0.4703942537307739,11296626.598768016,0.023249898653984337,0.3263511371439151,0.024334053543100788,1,11296626.598768016,0.000940232678580221,0.036340300796781314,0.036380369901774914
37,1001,Buahbatu,485878530.7794067,-0.1059999018907547,17102754.72994859,0.03519965103729475,0.6097397638114225,0.04153648589318345,1,45066985.32065355,0.0006067116389836097,0.018901103975964954,0.01880569472049566
37,1001,Rancasari,485878530.7794067,-0.07621623575687408,12966106.602349088,0.026685901477371137,0.3953746985575941,0.035576676584023005,1,34166620.82458875,0.0005173355531601869,0.018907712953108002,0.01881031997936417
37,1001,Gedebage,485878530.7794067,1.8941011428833008,8483102.082105383,0.017459306276606794,0.3221207194745508,0.018415737052674776,1,8483102.082105383,0.0006919870269603406,0.036233234685156754,0.03625361013506402
37,1001,Cibiru,485878530.7794067,0.7001059055328369,18625473.525439307,0.03833360057206447,0.307752588841906,0.028301416725872438,1,18625473.525439307,0.0011401191927720193,0.03627001067215211,0.03634320283525403
37,1001,Panyileukan ,485878530.7794067,-0.5131869912147522,1796373.2950912104,0.003697165405126287,0.1900916897669292,0.016015216814821574,1,4733572.46821331,0.00023846836918725106,0.01887849762198419,0.018791334412362675
37,1001,Ujung Berung,485878530.7794067,0.9688735008239746,45121894.18458271,0.09286661444415303,0.5917839612924428,0.03618326349035068,1,45121894.18458271,0.0014553924045570832,0.03627863459772411,0.03635054786969838
37,1001,Cinambo,485878530.7794067,-1.554518222808838,630039.4327777326,0.0012967015269579306,0.10081178726794167,0.01097618433220461,1,1660199.0917116024,0.00015211457711327442,0.018780171998257256,0.018666488153075964
37,1001,Arcamanik,485878530.7794067,-1.593698263168335,11578308.703867001,0.023829636360540613,0.750189281413647,0.03219663476533325,1,30509673.829412267,0.00048093009654714085,0.018784489568887452,0.018700948899005893
37,1001,Antapani,485878530.7794067,-0.8966363668441772,10122011.037413375,0.020832389982690675,0.5171352471173084,0.0328176549557537,1,26672225.03283674,0.0004810507572611147,0.018846170445987298,0.018753614933492122
37,1001,Mandalajati,485878530.7794067,-0.6993966698646545,9399248.937350024,0.01934485337780312,0.5790900143802361,0.02950435711811221,1,24767695.062770467,0.0004444614352405284,0.018954413635537393,0.018869905000022225
37,1001,Kiaracondong,485878530.7794067,-0.46667852997779846,24946948.58833886,0.05134400268380041,0.8237883600958161,0.05246939832398763,1,65736998.72202667,0.0007406809622296696,0.018753682491150444,0.018648369338340867
37,1001,Batununggal,485878530.7794067,1.934639811515808,52569459.56841154,0.10819465409200917,0.6772531422028614,0.04529390195636431,1,52569459.56841154,0.0017798408176924376,0.036211187104459246,0.03626678531702442
37,1001,Sumur Bandung ,485878530.7794067,-1.8901454210281372,1208006.996401557,0.002486232504374644,0.12901994512412096,0.01318598344407182,1,3183185.0736152953,0.00019963243371804495,0.018897657453123915,0.0188165248782679
37,1001,Andir,485878530.7794067,-1.721044898033142,12009139.228694886,0.024716340541803328,0.5522781507833118,0.037819875756064755,1,31644943.16144028,0.0005672953748368649,0.01894130944108655,0.01885544680890545
37,1001,Cicendo,485878530.7794067,-1.2743810415267944,10811932.23080492,0.022252335812124276,0.4198503804333911,0.0359913187837927,1,28490216.85847745,0.0005399223323467934,0.018932416189624133,0.018846819166318474
37,1001,Bandung Wetan,485878530.7794067,-1.3116816282272339,593275.5349975951,0.0012210367353459946,0.1137505559945622,0.010516165525719734,1,1563323.5843592002,0.0001570387347253748,0.018828980752949236,0.01874420757978864
37,1001,Cibeunying Kidul,485878530.7794067,1.130324125289917,45162545.30253108,0.09295027963076492,0.4771280165276208,0.04218425539233076,1,45162545.30253108,0.0016719335938604816,0.03603117877992442,0.03609669488323034
37,1001,Cibeunying Kaler,485878530.7794067,-0.32115447521209717,4898998.414293858,0.010082763703173476,0.18719691486849285,0.026360921868296836,1,12909212.17716311,0.00039242162253768867,0.018884004850972892,0.01879660508911189
37,1001,Coblong,485878530.7794067,0.039769940078258514,18836202.6725161,0.03876730803952296,0.604860340886095,0.04439949223504741,1,45997331.64168851,0.0006954372596411191,0.019792402982065818,0.019699673451564818
37,1001,Sukajadi,485878530.7794067,-1.0723508596420288,13339550.540147185,0.027454496741704075,0.5282866285600397,0.0397883941929541,1,35150672.38403508,0.0005886985202543497,0.018862938688269597,0.018773660221156813
37,1001,Sukasari,485878530.7794067,1.231002688407898,16190186.744309524,0.033321469706304056,0.2631327328792062,0.031066269640103932,1,16190186.744309524,0.0011539728575333454,0.036201402028457084,0.03621327241139204
37,1001,Cidadap,485878530.7794067,-0.6594366431236267,2579728.0910575096,0.005309409508008761,0.1666200225774815,0.021597368229685932,1,6797768.537683745,0.0003081995261079378,0.018891147479029546,0.01878651828129724
38,1001,Bandung Kulon,486295454.8862098,-0.010340031236410141,36929672.89628081,0.07594081442715134,1.0,0.055941834469350776,1,97288652.71159296,0.0008123508146793794,0.018853705330570403,0.018759926601865855
38,1001,Babakan Ciparay,486295454.8862098,-0.8256099224090576,37650680.60106977,0.07742346802291171,1.0,0.05733425419218329,1,99188097.32326348,0.000833172954480916,0.018814385728931904,0.018721759314442584
38,1001,Bojongloa Kaler,486295454.8862098,-0.0718366876244545,21608709.37326134,0.0444353512995873,0.5987502576128387,0.04776989324453984,1,56926640.74402585,0.0007017285237685774,0.01879671811458831,0.01870877438015465
38,1001,Bojongloa Kidul,486295454.8862098,-0.006870433688163757,10781086.04210302,0.022169826869193603,0.4933395494553348,0.03677084273843412,1,28402020.747646414,0.0005146683477829775,0.01900658191321469,0.018894916665501343
38,1001,Astanaanyar,486295454.8862098,-0.6898126006126404,5620631.986973641,0.0115580598800555,0.2503271267036961,0.026918765497596208,1,14807163.73892984,0.00040341386406843126,0.018751917519045255,0.018672774088767424
38,1001,Regol,486295454.8862098,0.3173021972179413,18106777.453403857,0.03723410793062158,0.30953554935612126,0.030280311150941337,1,18326632.15949979,0.0012048418577596384,0.03435093505562478,0.03445283216103123
38,1001,Lengkong,486295454.8862098,-0.4210703372955322,5093251.053143097,0.010473573219669277,0.215096652340105,0.02733001109370468,1,13417815.377728334,0.00038740788534612675,0.018760596024849988,0.018659509473288642
38,1001,Bandung Kidul,486295454.8862098,0.45894137024879456,11296626.598768018,0.023229965415595667,0.332155291890328,0.02578039395641057,1,11296626.598768016,0.0009402326785802211,0.036380369901774914,0.03637564542554293
38,1001,Buahbatu,486295454.8862098,-0.09534665942192078,17106918.226599153,0.03517803437131048,0.5976755799493644,0.04090747811889943,1,45066985.32065355,0.0006068593369373401,0.01880569472049566,0.018721333885689733
38,1001,Rancasari,486295454.8862098,-0.0749809667468071,12969263.072886266,0.02666951324050724,0.2803782573305814,0.035461102880839965,1,34166620.82458875,0.0005174614933889283,0.01881031997936417,0.01871943115811112
38,1001,Gedebage,486295454.8862098,1.8702623844146729,8483102.082105385,0.017444337587095852,0.25379298453624943,0.01771776139703389,1,8483102.082105383,0.0006919870269603408,0.03625361013506402,0.036304608073910366
38,1001,Cibiru,486295454.8862098,0.6946884989738464,18625473.52543931,0.03830073536220394,0.37203466775836735,0.030621185861439408,1,18625473.525439307,0.0011401191927720195,0.03634320283525403,0.03635573008947486
38,1001,Panyileukan ,486295454.8862098,-0.505467414855957,1796810.6044203427,0.0036948949170022274,0.1732826643802122,0.015706332207547205,1,4733572.46821331,0.00023852642195547775,0.018791334412362675,0.018716256320249765
38,1001,Ujung Berung,486295454.8862098,0.9470959305763245,45121894.18458272,0.09278699550079275,0.7026932311524954,0.03799004815707969,1,45121894.18458271,0.0014553924045570836,0.03635054786969838,0.03638505888820615
38,1001,Cinambo,486295454.8862098,-1.5451407432556152,630192.8096523654,0.0012959052019102804,0.10350214360706718,0.010089568235095502,1,1660199.0917116024,0.00015215160790406297,0.018666488153075964,0.018591768658253262
38,1001,Arcamanik,486295454.8862098,-1.5770071744918823,11581127.328718312,0.0238150022015489,0.6972219731362974,0.03208334793035134,1,30509673.829412267,0.0004810471742271839,0.018700948899005893,0.01862323492683811
38,1001,Antapani,486295454.8862098,-0.8763651251792908,10124475.140987134,0.02081959648040757,0.5520797918379736,0.032153956849650785,1,26672225.03283674,0.0004811678643148163,0.018753614933492122,0.018673875401213014
38,1001,Mandalajati,486295454.8862098,-0.6832586526870728,9401537.091631971,0.0193329733954266,0.5259377135073563,0.03165711276812473,1,24767695.062770467,0.0004445696349853149,0.018869905000022225,0.01876207080026161
38,1001,Kiaracondong,486295454.8862098,-0.463209331035614,24953021.67647754,0.05131247151449605,0.6964369426263174,0.050080164782097286,1,65736998.72202667,0.0007408612736914236,0.018648369338340867,0.018566852471298544
38,1001,Batununggal,486295454.8862098,1.9078806638717651,52569459.56841155,0.10810189369487831,0.6495521749828987,0.04571852495793707,1,52569459.56841154,0.001779840817692438,0.03626678531702442,0.03631511442206674
38,1001,Sumur Bandung ,486295454.8862098,-1.867815375328064,1208301.0737687873,0.002484705669419679,0.11208840868629015,0.013190505888771908,1,3183185.0736152953,0.0001996810322615107,0.0188165248782679,0.01873963352425184
38,1001,Andir,486295454.8862098,-1.7147822380065918,12012062.734980525,0.024701161843659992,0.5936428608205718,0.037139735920418485,1,31644943.16144028,0.0005674334772905517,0.01885544680890545,0.018781099050032835
38,1001,Cicendo,486295454.8862098,-1.256098985671997,10814564.288876256,0.022238670298505663,0.3939160927823699,0.03847697593059394,1,28490216.85847745,0.000540053771103753,0.018846819166318474,0.01873939842041697
38,1001,Bandung Wetan,486295454.8862098,-1.3029884099960327,593419.962064569,0.0012202868772512496,0.10375022371552388,0.010707292386242274,1,1563323.5843592002,0.0001570769642536795,0.01874420757978864,0.0186570744701684
38,1001,Cibeunying Kidul,486295454.8862098,1.1245181560516357,45162545.302531086,0.0928705889572808,0.369976538376966,0.04218681222708178,1,45162545.30253108,0.001671933593860482,0.03609669488323034,0.036161461867340705
38,1001,Cibeunying Kaler,486295454.8862098,-0.3169522285461426,4900191.027051924,0.010076571717493306,0.22602964915850535,0.02613118003670492,1,12909212.17716311,0.0003925171537042662,0.01879660508911189,0.018717246930682958
38,1001,Coblong,486295454.8862098,0.04496936500072479,19040318.413418885,0.039153807057222455,0.6235969151162847,0.044610541454214184,1,45997331.64168851,0.0007029732632598404,0.019699673451564818,0.01961353986765352
38,1001,Sukajadi,486295454.8862098,-1.0645586252212524,13342797.921921108,0.02743763649825442,0.5519843851175588,0.0394320536260438,1,35150672.38403508,0.0005888418330923089,0.018773660221156813,0.018692626171226297
38,1001,Sukasari,486295454.8862098,1.2199389934539795,16190186.744309528,0.03329290163342763,0.288023434776089,0.031076847001903423,1,16190186.744309524,0.0011539728575333456,0.03621327241139204,0.036226450696647504
38,1001,Cidadap,486295454.8862098,-0.6461679339408875,2580356.1003715685,0.0053061489151186,0.16928036772229527,0.02039141991823971,1,6797768.537683745,0.00030827455423731905,0.01878651828129724,0.01870984353933694
39,1001,Bandung Kulon,390678355.89167416,0.018752355128526688,24891171.254958212,0.06371269582658924,1.0,0.055087474358354045,1,97288652.71159296,0.000547537025417998,0.018759926601865855,0.018582003262925518
39,1001,Babakan Ciparay,390678355.89167416,-0.8475200533866882,24734801.635434408,0.06331244427140156,0.9877109257614416,0.05486889920683944,1,99188097.32326348,0.0005473571108966549,0.018721759314442584,0.018550397710159316
39,1001,Bojongloa Kaler,390678355.89167416,-0.015349825844168663,14195948.955307467,0.036336666061028644,0.6604625404181567,0.049281078351156304,1,56926640.74402585,0.00046100403924302023,0.01870877438015465,0.01851372891745343
39,1001,Bojongloa Kidul,390678355.89167416,-0.08700734376907349,7082688.026053691,0.018129205058950215,0.4498380052316869,0.033827449349308134,1,28402020.747646414,0.00033811392748334573,0.018894916665501343,0.018721323267400718
39,1001,Astanaanyar,390678355.89167416,-0.7208743095397949,3692502.1020634742,0.009451514388699121,0.26546458023845293,0.028257701687256994,1,14807163.73892984,0.0002650247417953245,0.018672774088767424,0.018479839443838533
39,1001,Regol,390678355.89167416,0.29634159803390503,14526608.218655638,0.03718303816831747,0.3152576553057173,0.031195091834231466,1,18326632.15949979,0.0009666140580869223,0.03445283216103123,0.034383198762268946
39,1001,Lengkong,390678355.89167416,-0.4513009786605835,3346036.5780315385,0.008564683780330321,0.2462923769560018,0.026483902711178158,1,13417815.377728334,0.00025450953457046665,0.018659509473288642,0.01847619702303871
39,1001,Bandung Kidul,390678355.89167416,0.4942885935306549,11296626.598768014,0.02891541450507256,0.37254911596822543,0.02522114167406831,1,11296626.598768016,0.0009402326785802209,0.03637564542554293,0.036394195806004066
39,1001,Buahbatu,390678355.89167416,-0.13243883848190308,11238474.900676956,0.028766566489271086,0.6074279442257506,0.04122044294627762,1,45066985.32065355,0.00039867925572983833,0.018721333885689733,0.018538580923564422
39,1001,Rancasari,390678355.89167416,-0.04450090974569321,8520221.795313086,0.021808788909912228,0.363768958233681,0.03547731945417383,1,34166620.82458875,0.0003399488983629987,0.01871943115811112,0.0185332321690513
39,1001,Gedebage,390678355.89167416,1.873934268951416,8483102.082105381,0.021713775422095676,0.2010272185273065,0.018500582525666796,1,8483102.082105383,0.0006919870269603405,0.036304608073910366,0.03632713504994652
39,1001,Cibiru,390678355.89167416,0.6851836442947388,18625473.525439303,0.047674700286195804,0.3817953895129966,0.030273789481053512,1,18625473.525439307,0.001140119192772019,0.03635573008947486,0.03638240693061002
39,1001,Panyileukan ,390678355.89167416,-0.5115616917610168,1180423.6515055029,0.003021471841743919,0.15957177689759097,0.016500633626760186,1,4733572.46821331,0.00015670111768739274,0.018716256320249765,0.018526757418772143
39,1001,Ujung Berung,390678355.89167416,0.9900614619255066,44516125.159363076,0.11394571643919363,0.7242369561253064,0.039275080466902375,1,45121894.18458271,0.001435853516526052,0.03638505888820615,0.036388310145875305
39,1001,Cinambo,390678355.89167416,-1.5452871322631836,414008.2965295836,0.0010597164912928482,0.09551349616303273,0.010196387743904887,1,1660199.0917116024,9.995675456428432e-05,0.018591768658253262,0.018417796389910375
39,1001,Arcamanik,390678355.89167416,-1.60906183719635,7608279.123177836,0.019474534507582065,0.6747212674310351,0.0345741892800324,1,30509673.829412267,0.00031602633051625565,0.01862323492683811,0.018421887098828107
39,1001,Antapani,390678355.89167416,-0.8982900381088257,6651324.23311594,0.017025064564775108,0.5453136196124739,0.03452970473686957,1,26672225.03283674,0.00031610561846880504,0.018673875401213014,0.018471518333161966
39,1001,Mandalajati,390678355.89167416,-0.7276917099952698,6176386.490689053,0.01580938999446803,0.5442918409101792,0.030170705513490374,1,24767695.062770467,0.0002920622299238544,0.01876207080026161,0.01857843200441005
39,1001,Kiaracondong,390678355.89167416,-0.4914100468158722,16393011.534427088,0.041960378114656756,0.7124625916748166,0.05289958347453125,1,65736998.72202667,0.00048671249368097667,0.018566852471298544,0.018369835792946005
39,1001,Batununggal,390678355.89167416,1.94241464138031,52569459.56841153,0.13455943687596503,0.7565180389086705,0.04450710386881294,1,52569459.56841154,0.0017798408176924374,0.03631511442206674,0.03638660110721264
39,1001,Sumur Bandung ,390678355.89167416,-1.9174726009368896,793799.3921603683,0.0020318489114878684,0.12135014678298403,0.013408342940179199,1,3183185.0736152953,0.0001311814459791442,0.01873963352425184,0.018560616406450143
39,1001,Andir,390678355.89167416,-1.6875464916229248,7891384.278819519,0.020199184725266973,0.6826140669969044,0.04051477539671931,1,31644943.16144028,0.00037277824140283364,0.018781099050032835,0.01857731752863773
39,1001,Cicendo,390678355.89167416,-1.2791626453399658,7104681.726561049,0.018185501242692362,0.45558859736082247,0.03687567307792888,1,28490216.85847745,0.000354791007425775,0.01873939842041697,0.018554136163118462
39,1001,Bandung Wetan,390678355.89167416,-1.3510773181915283,389850.19165250036,0.0009978801890949817,0.11195817082565372,0.010928256325695683,1,1563323.5843592002,0.00010319249188288491,0.0186570744701684,0.018467213741152927
39,1001,Cibeunying Kidul,390678355.89167416,1.1304155588150024,45162545.30253107,0.11560032600079226,0.43758029906194684,0.04583355885624234,1,45162545.30253108,0.0016719335938604812,0.036161461867340705,0.0361677941916695
39,1001,Cibeunying Kaler,390678355.89167416,-0.2906220555305481,3219204.8349431735,0.008240038861625042,0.22802293618655617,0.02628708355294511,1,12909212.17716311,0.000257866093796575,0.018717246930682958,0.018539868192631103
39,1001,Coblong,390678355.89167416,0.05514506250619888,13323234.563883279,0.03410282234211484,0.7214218837180646,0.04323174659327957,1,45997331.64168851,0.0004918971140707717,0.01961353986765352,0.01944930063127352
39,1001,Sukajadi,390678355.89167416,-1.101020336151123,8765617.369770143,0.0224369157839925,0.4964447771884697,0.03928782790355654,1,35150672.38403508,0.00038684256708416585,0.018692626171226297,0.018517339490188408
39,1001,Sukasari,390678355.89167416,1.2418088912963867,16190186.744309522,0.0414412175646574,0.3354173934378114,0.030198593837364965,1,16190186.744309524,0.0011539728575333454,0.036226450696647504,0.03626656870403297
39,1001,Cidadap,390678355.89167416,-0.6609814763069153,1695177.7570167053,0.004339062380734339,0.17158911529225315,0.020538970257001198,1,6797768.537683745,0.00020252249963564808,0.01870984353933694,0.018534580054024516
40,1001,Bandung Kulon,478729550.1157915,-0.00942414253950119,35992197.35823407,0.07518273595086945,0.9598770651968288,0.05314115230107312,1,97288652.71159296,0.0007917289418777127,0.018582003262925518,0.018511206961362527
40,1001,Babakan Ciparay,478729550.1157915,-0.8346277475357056,36694901.97412535,0.07665058897084975,0.9945867854280006,0.058368242773162424,1,99188097.32326348,0.0008120225027565887,0.018550397710159316,0.018455197165304985
40,1001,Bojongloa Kaler,478729550.1157915,-0.08757465332746506,21060163.045675702,0.04399177581701784,0.6329220050634083,0.04836869688443027,1,56926640.74402585,0.0006839148451251108,0.01851372891745343,0.018425505484567728
40,1001,Bojongloa Kidul,478729550.1157915,-0.002261042594909668,10507403.562801488,0.021948516777917797,0.50260690728094,0.03430136047037061,1,28402020.747646414,0.0005016032716960982,0.018721323267400718,0.018641350718585067
40,1001,Astanaanyar,478729550.1157915,-0.7138400673866272,5477949.840534119,0.011442681654410416,0.2956006711419062,0.02740731665212875,1,14807163.73892984,0.00039317303062440815,0.018479839443838533,0.01839774273134655
40,1001,Regol,478729550.1157915,0.31020310521125793,17538840.81319773,0.03663621936217551,0.36782693071610334,0.032858351761759365,1,18326632.15949979,0.0011670508240742333,0.034383198762268946,0.03440543339898881
40,1001,Lengkong,478729550.1157915,-0.4206269383430481,4963956.697223326,0.010369020872061652,0.2077492320086008,0.025643026315213355,1,13417815.377728334,0.00037757337051631937,0.01847619702303871,0.018403532239767505
40,1001,Bandung Kidul,478729550.1157915,0.46943199634552,11296626.598768018,0.023597094844125824,0.35069055756479256,0.025614507714181736,1,11296626.598768016,0.0009402326785802211,0.036394195806004066,0.03639949753881925
40,1001,Buahbatu,478729550.1157915,-0.110170379281044,16672651.792291857,0.03482686996919075,0.6290456490584038,0.043363965473633054,1,45066985.32065355,0.0005914539531687956,0.018538580923564422,0.018436154779178687
40,1001,Rancasari,478729550.1157915,-0.08617619425058365,12640032.783967346,0.026403285071728018,0.4199011141403797,0.0354308657483985,1,34166620.82458875,0.0005043255121064591,0.0185332321690513,0.018446984647647297
40,1001,Gedebage,478729550.1157915,1.8956854343414307,8483102.082105385,0.017720030192524272,0.2127685404276284,0.018595882848977122,1,8483102.082105383,0.0006919870269603408,0.03632713504994652,0.036344112204310476
40,1001,Cibiru,478729550.1157915,0.6995118856430054,18625473.52543931,0.03890604522101116,0.3481836898729173,0.029603957470609593,1,18625473.525439307,0.0011401191927720195,0.03638240693061002,0.036423627941034056
40,1001,Panyileukan ,478729550.1157915,-0.5140354037284851,1751197.7988891925,0.003658010662733533,0.15956054467725314,0.016187686608095195,1,4733572.46821331,0.00023247132673735588,0.018526757418772143,0.018443920345322506
40,1001,Ujung Berung,478729550.1157915,0.9649865627288818,45121894.18458272,0.09425341338062164,0.7155241547408515,0.037861048915608805,1,45121894.18458271,0.0014553924045570836,0.036388310145875305,0.036428086135000225
40,1001,Cinambo,478729550.1157915,-1.5568829774856567,614195.0957012749,0.0012829688402412555,0.10328263785545884,0.010143470683211486,1,1660199.0917116024,0.0001482891742755511,0.018417796389910375,0.018343948678752435
40,1001,Arcamanik,478729550.1157915,-1.600428819656372,11287135.459248723,0.023577269162763564,0.6886546212043274,0.03255184057185351,1,30509673.829412267,0.00046883558600783874,0.018421887098828107,0.01834261740027656
40,1001,Antapani,478729550.1157915,-0.891788125038147,9867461.01018519,0.020611765051475356,0.5936576972685756,0.03423137086517348,1,26672225.03283674,0.00046895321232598804,0.018471518333161966,0.01837252078621787
40,1001,Mandalajati,478729550.1157915,-0.7013012170791626,9162875.052349959,0.019139982167663792,0.5877717253768439,0.031326379304047074,1,24767695.062770467,0.00043328404469786144,0.01857843200441005,0.018480309279119977
40,1001,Kiaracondong,478729550.1157915,-0.47412851452827454,24319578.551006377,0.05080024524311094,0.7701092309456723,0.052298958290698604,1,65736998.72202667,0.0007220541934575282,0.018369835792946005,0.018276363244827565
40,1001,Batununggal,478729550.1157915,1.9411425590515137,52569459.56841155,0.10981035023991406,0.7665948737921733,0.045322723667576455,1,52569459.56841154,0.001779840817692438,0.03638660110721264,0.036441766064213885
40,1001,Sumur Bandung ,478729550.1157915,-1.889190435409546,1177627.8343270177,0.002459902118100255,0.12437193699673266,0.013104717994139493,1,3183185.0736152953,0.00019461204387152847,0.018560616406450143,0.01848903433546567
40,1001,Andir,478729550.1157915,-1.728531837463379,11707131.38594978,0.024454582724459245,0.6148260752598034,0.03784450084347062,1,31644943.16144028,0.0005530289358281152,0.01857731752863773,0.018499586818097907
40,1001,Cicendo,478729550.1157915,-1.2792026996612549,10540031.949964682,0.02201667297833472,0.46181657956808925,0.03531658091327138,1,28490216.85847745,0.0005263442751907619,0.018554136163118462,0.018483964116591634
40,1001,Bandung Wetan,478729550.1157915,-1.3138352632522583,578355.742574009,0.001208105374807385,0.10086119192648504,0.01051851758068947,1,1563323.5843592002,0.00015308949834809068,0.018467213741152927,0.018390626055068356
40,1001,Cibeunying Kidul,478729550.1157915,1.1407097578048706,45162545.302531086,0.09433832795908988,0.584991886636821,0.045205726687653304,1,45162545.30253108,0.001671933593860482,0.0361677941916695,0.036183415546605986
40,1001,Cibeunying Kaler,478729550.1157915,-0.3330018222332001,4775797.582449279,0.009975982433702171,0.27104926953435127,0.02806332901974878,1,12909212.17716311,0.0003825529379124025,0.018539868192631103,0.018437196516829752
40,1001,Coblong,478729550.1157915,0.04079786688089371,18431838.83044386,0.0385015690508048,0.615107668720752,0.043721827894427766,1,45997331.64168851,0.0006805080466188475,0.01944930063127352,0.019371976726521627
40,1001,Sukajadi,478729550.1157915,-1.0687555074691772,13004085.291131418,0.027163740546172863,0.5382735563392673,0.03920189588933058,1,35150672.38403508,0.000573893831363373,0.018517339490188408,0.018441662816462773
40,1001,Sukasari,478729550.1157915,1.2340112924575806,16190186.744309528,0.03381906702937717,0.3096668104811777,0.03136512550661749,1,16190186.744309524,0.0011539728575333456,0.03626656870403297,0.03627624697738845
40,1001,Cidadap,478729550.1157915,-0.6572832465171814,2514852.6573721683,0.005253180332745065,0.15199843885168993,0.021424935331534625,1,6797768.537683745,0.0003004488728560779,0.018534580054024516,0.0184427683327449
41,1001,Bandung Kulon,431953407.1576136,-0.007221369072794914,29760158.879576247,0.0688966874353585,0.8510616369913483,0.057616054791027355,1,97288652.71159296,0.0006546413064288546,0.018511206961362527,0.018367223080820637
41,1001,Babakan Ciparay,431953407.1576136,-0.852311372756958,30341190.396107197,0.0702418128745912,0.9492117295920552,0.05926591276482422,1,99188097.32326348,0.0006714210431583636,0.018455197165304985,0.01831142734711169
41,1001,Bojongloa Kaler,431953407.1576136,-0.08353114873170853,17413601.95463877,0.0403136117601795,0.6701855119765792,0.04924676003325387,1,56926640.74402585,0.0005654951890945816,0.018425505484567728,0.018287517443239903
41,1001,Bojongloa Kidul,431953407.1576136,-0.0227794349193573,8688049.69945131,0.020113395462305422,0.4249025230773261,0.03669587277825478,1,28402020.747646414,0.0004147508114498612,0.018641350718585067,0.018493145105286247
41,1001,Astanaanyar,431953407.1576136,-0.7245328426361084,4529444.42280207,0.010485956003003217,0.2561722369754085,0.027707682968221046,1,14807163.73892984,0.00032509523500570675,0.01839774273134655,0.018268268566730965
41,1001,Regol,431953407.1576136,0.3160366714000702,16352085.629865805,0.03785613299699976,0.36526153394975536,0.030345204389852054,1,18326632.15949979,0.001088083027431727,0.03440543339898881,0.03443392098219634
41,1001,Lengkong,431953407.1576136,-0.4301450550556183,4104449.042395197,0.009502064283747027,0.18277473051783755,0.027878107109336712,1,13417815.377728334,0.00031219665149708137,0.018403532239767505,0.01825691040419674
41,1001,Bandung Kidul,431953407.1576136,0.49122416973114014,11296626.598768014,0.02615241924610179,0.3395160362828362,0.024557471718341634,1,11296626.598768016,0.0009402326785802209,0.03639949753881925,0.03643805177948686
41,1001,Buahbatu,431953407.1576136,-0.10213311016559601,13785786.99555125,0.03191498612377195,0.5878535053199392,0.04067323235056689,1,45066985.32065355,0.000489043873622514,0.018436154779178687,0.01831431709611718
41,1001,Rancasari,431953407.1576136,-0.07726716250181198,10451414.79276377,0.02419569939623187,0.4707951436996234,0.035995651968608385,1,34166620.82458875,0.00041700169672686724,0.018446984647647297,0.01831162611237831
41,1001,Gedebage,431953407.1576136,1.907830834388733,8483102.082105381,0.019638928508347246,0.14997433936935706,0.017733399438103082,1,8483102.082105383,0.0006919870269603405,0.036344112204310476,0.0363970826337859
41,1001,Cibiru,431953407.1576136,0.7093248963356018,18625473.525439303,0.04311917261632604,0.36086015747660594,0.031056167233773822,1,18625473.525439307,0.001140119192772019,0.036423627941034056,0.03643111468536802
41,1001,Panyileukan ,431953407.1576136,-0.5189012289047241,1447978.4105924785,0.003352163419940642,0.134642483126461,0.01641953158631738,1,4733572.46821331,0.000192218984292351,0.018443920345322506,0.018312420364545032
41,1001,Ujung Berung,431953407.1576136,0.9896383285522461,45121894.1845827,0.10446009554942202,0.818307127516137,0.03919907466886169,1,45121894.18458271,0.001455392404557083,0.036428086135000225,0.03644384168428067
41,1001,Cinambo,431953407.1576136,-1.5668009519577026,507847.39395592443,0.0011756994748524307,0.09855869598197645,0.010189903214475457,1,1660199.0917116024,0.0001226129469850767,0.018343948678752435,0.018224719693293975
41,1001,Arcamanik,431953407.1576136,-1.631141185760498,9332771.245368104,0.021605967427784895,0.6388237039152638,0.03370918876576066,1,30509673.829412267,0.0003876568409847452,0.01834261740027656,0.018207422821401243
41,1001,Antapani,431953407.1576136,-0.8992462158203125,8158913.013238246,0.018888409902647618,0.5560321119374464,0.031832023819975706,1,26672225.03283674,0.0003877541003402023,0.01837252078621787,0.01825679436762829
41,1001,Mandalajati,431953407.1576136,-0.7118039727210999,7576325.908572411,0.01753968317654205,0.5696649791124702,0.0320909262457477,1,24767695.062770467,0.00035826103868714823,0.018480309279119977,0.018330346258368824
41,1001,Kiaracondong,431953407.1576136,-0.47964322566986084,20108650.615539826,0.0465528232497596,0.827421835227012,0.04971206733932115,1,65736998.72202667,0.0005970307203831869,0.018276363244827565,0.018158184999440365
41,1001,Batununggal,431953407.1576136,1.9575201272964478,52569459.56841153,0.12170168980570097,0.7570383171505604,0.04421284138673159,1,52569459.56841154,0.0017798408176924374,0.036441766064213885,0.03651453382506509
41,1001,Sumur Bandung ,431953407.1576136,-1.923661470413208,973721.9181636224,0.0022542290488481442,0.10247490320767326,0.013768946232556197,1,3183185.0736152953,0.00016091502521645195,0.01848903433546567,0.018355718601027887
41,1001,Andir,431953407.1576136,-1.7304052114486694,9680044.999815298,0.022409928569641288,0.5702576910598708,0.0389860274487733,1,31644943.16144028,0.00045727213683113664,0.018499586818097907,0.01836729321578896
41,1001,Cicendo,431953407.1576136,-1.281901240348816,8715028.490890361,0.020175853104708524,0.46646910843991024,0.038459445995497415,1,28490216.85847745,0.00043520791740293515,0.018483964116591634,0.018338966426857846
41,1001,Bandung Wetan,431953407.1576136,-1.3382513523101807,478213.6143732876,0.0011070953636413716,0.10037688632631232,0.010436101891763552,1,1563323.5843592002,0.00012658209634404326,0.018390626055068356,0.018272975385504514
41,1001,Cibeunying Kidul,431953407.1576136,1.1483700275421143,45162545.30253107,0.10455420550960469,0.5408429471785823,0.041874652306196865,1,45162545.30253108,0.0016719335938604812,0.036183415546605986,0.036254927243591493
41,1001,Cibeunying Kaler,431953407.1576136,-0.32815414667129517,3948869.623484419,0.009141887893579073,0.24726121343612414,0.026031261547052206,1,12909212.17716311,0.0003163140082503803,0.018437196516829752,0.018319001795338945
41,1001,Coblong,431953407.1576136,0.03668425232172012,15317733.736883389,0.03546154164561126,0.5063047069471777,0.04390954130629993,1,45997331.64168851,0.0005655345166482837,0.019371976726521627,0.019246542314595168
41,1001,Sukajadi,431953407.1576136,-1.0909653902053833,10752431.71445589,0.024892572986540847,0.5429152575680847,0.04013736727936082,1,35150672.38403508,0.000474524281787854,0.018441662816462773,0.01831373615419951
41,1001,Sukasari,431953407.1576136,1.2609694004058838,16190186.744309522,0.03748132663392086,0.31924925601050036,0.030405958824303105,1,16190186.744309524,0.0011539728575333454,0.03627624697738845,0.0363108283171199
41,1001,Cidadap,431953407.1576136,-0.6621663570404053,2079406.6529810878,0.0048139605302901164,0.1432857394017892,0.02200444983327976,1,6797768.537683745,0.00024842623812021647,0.0184427683327449,0.01829806146810182
42,1001,Bandung Kulon,475159069.8510225,-0.0031510386615991592,35554190.98548556,0.0748258704114244,0.9328218865458947,0.05809617104815371,1,97288652.71159296,0.0007820940113237287,0.018367223080820637,0.018273293162240956
42,1001,Babakan Ciparay,475159069.8510225,-0.8439016342163086,36248344.05069332,0.0762867560584676,0.89670999576708,0.06003500066643709,1,99188097.32326348,0.0008021406100929495,0.01831142734711169,0.01821599463446872
42,1001,Bojongloa Kaler,475159069.8510225,-0.08523210138082504,20803871.785286225,0.04378296260199537,0.6924899968877822,0.047625884670596426,1,56926640.74402585,0.0006755919562055885,0.018287517443239903,0.018213722768076403
42,1001,Bojongloa Kidul,475159069.8510225,-0.009703591465950012,10379533.911617367,0.02184433502420922,0.4090554543648758,0.03710754513139886,1,28402020.747646414,0.000495499020060455,0.018493145105286247,0.01839401506390684
42,1001,Astanaanyar,475159069.8510225,-0.7272749543190002,5411286.032379552,0.01138836733996504,0.31869209557584355,0.026806867287412214,1,14807163.73892984,0.00038838831877999674,0.018268268566730965,0.018202040323906862
42,1001,Regol,475159069.8510225,0.30794399976730347,17285171.788214326,0.036377653053394896,0.35245206646981203,0.030446811101297815,1,18326632.15949979,0.0011501714505852956,0.03443392098219634,0.034502759240555174
42,1001,Lengkong,475159069.8510225,-0.43701690435409546,4903547.919015345,0.010319802841083858,0.21201216274357132,0.027368192698083722,1,13417815.377728334,0.0003729784984439021,0.01825691040419674,0.018169903522585216
42,1001,Bandung Kidul,475159069.8510225,0.48776620626449585,11296626.598768016,0.02377441011977288,0.3022754494675641,0.02538269090290863,1,11296626.598768016,0.000940232678580221,0.03643805177948686,0.03645844993169427
42,1001,Buahbatu,475159069.8510225,-0.11698092520236969,16469754.268060261,0.03466155928208222,0.5901031713651562,0.04194292000058624,1,45066985.32065355,0.0005842562653450494,0.01831431709611718,0.01823363112503854
42,1001,Rancasari,475159069.8510225,-0.08369171619415283,12486210.141353358,0.02627795812730289,0.5135801898745794,0.03554732665507658,1,34166620.82458875,0.0004981881322170441,0.01831162611237831,0.018233116373349453
42,1001,Gedebage,475159069.8510225,1.9097154140472412,8483102.082105383,0.0178531835344427,0.19276172796321198,0.018377591371737997,1,8483102.082105383,0.0006919870269603406,0.0363970826337859,0.036429872921888415
42,1001,Cibiru,475159069.8510225,0.7072868347167969,18625473.525439307,0.039198396299746495,0.3293490472132159,0.02834948464199281,1,18625473.525439307,0.0011401191927720193,0.03643111468536802,0.03650824245214409
42,1001,Panyileukan ,475159069.8510225,-0.5261786580085754,1729886.6300205,0.0036406473953298937,0.144776698890307,0.01712736089406993,1,4733572.46821331,0.00022964227127350632,0.018312420364545032,0.018218226232028945
42,1001,Ujung Berung,475159069.8510225,0.9754859805107117,45121894.18458271,0.09496166031036693,0.7754318433142853,0.03827122006755781,1,45121894.18458271,0.0014553924045570832,0.03644384168428067,0.03648274162773942
42,1001,Cinambo,475159069.8510225,-1.5806519985198975,606720.6599687065,0.001276879046334805,0.1037807575086202,0.010966435056146475,1,1660199.0917116024,0.00014648457194199987,0.018224719693293975,0.01813134917254621
42,1001,Arcamanik,475159069.8510225,-1.6154136657714844,11149776.875330657,0.02346535630441921,0.5794652275527885,0.03385066769977266,1,30509673.829412267,0.00046313010011047,0.018207422821401243,0.018122981343156375
42,1001,Antapani,475159069.8510225,-0.8991307020187378,9747379.127929123,0.02051392837978498,0.5349981743567453,0.033310409246419176,1,26672225.03283674,0.00046324629497734003,0.01825679436762829,0.018176884207764157
42,1001,Mandalajati,475159069.8510225,-0.7136280536651611,9051367.61573302,0.019049131522567615,0.5620937440626153,0.03162288390204253,1,24767695.062770467,0.0004280112026177016,0.018330346258368824,0.018239102988731003
42,1001,Kiaracondong,475159069.8510225,-0.4790036380290985,24023621.89457118,0.05055911466049328,0.7718040637815018,0.0524839246274711,1,65736998.72202667,0.0007132671684516258,0.018158184999440365,0.018072573504931272
42,1001,Batununggal,475159069.8510225,1.9579441547393799,52569459.56841154,0.11063549641364047,0.7527263982233195,0.04848695896334576,1,52569459.56841154,0.0017798408176924376,0.03651453382506509,0.03652691308903939
42,1001,Sumur Bandung ,475159069.8510225,-1.916510820388794,1163296.7144171284,0.0024482258431515556,0.09647756666375996,0.013826491357727224,1,3183185.0736152953,0.00019224371624260034,0.018355718601027887,0.018273411520409028
42,1001,Andir,475159069.8510225,-1.7456872463226318,11564661.669455048,0.024338505572630526,0.5008299442497046,0.03939409207208615,1,31644943.16144028,0.0005462988605344038,0.01836729321578896,0.01828378932510722
42,1001,Cicendo,475159069.8510225,-1.2859947681427002,10411765.228233082,0.02191216771153606,0.43246079189959935,0.03606144312857542,1,28490216.85847745,0.0005199389383757117,0.018338966426857846,0.018269545497922316
42,1001,Bandung Wetan,475159069.8510225,-1.3280127048492432,571317.4531791784,0.0012023709309775033,0.09788438742810701,0.01128513756775646,1,1563323.5843592002,0.0001512264785604979,0.018272975385504514,0.018179561817594104
42,1001,Cibeunying Kidul,475159069.8510225,1.1474250555038452,45162545.30253108,0.0950472129611058,0.4960951447402024,0.045136726347028165,1,45162545.30253108,0.0016719335938604816,0.036254927243591493,0.03627879033143815
42,1001,Cibeunying Kaler,475159069.8510225,-0.3327217996120453,4717678.603070235,0.009928630015521703,0.30129014776606844,0.02712081013871223,1,12909212.17716311,0.00037789746708766946,0.018319001795338945,0.01823830765142456
42,1001,Coblong,475159069.8510225,0.03753628581762314,18100317.967540536,0.03809317577209578,0.6271872390929663,0.04657704686323209,1,45997331.64168851,0.0006682682143968389,0.019246542314595168,0.019152022824698987
42,1001,Sukajadi,475159069.8510225,-1.0786981582641602,12845832.318338757,0.02703480399177971,0.5179869035675339,0.03947808459538313,1,35150672.38403508,0.0005669098411135888,0.01831373615419951,0.01824351303079933
42,1001,Sukasari,475159069.8510225,1.2383966445922852,16190186.744309524,0.03407319310854292,0.31983714647476086,0.02929622649656696,1,16190186.744309524,0.0011539728575333454,0.0363108283171199,0.0363760894640557
42,1001,Cidadap,475159069.8510225,-0.6600980162620544,2484248.204982419,0.0052282453658336146,0.12067613155640368,0.02033760549628211,1,6797768.537683745,0.00029679256591581935,0.01829806146810182,0.018233588109082818
43,1001,Bandung Kulon,505075023.6795088,-0.004669029265642166,39520867.69887321,0.0782475193704111,0.8947207975577036,0.05743451526766233,1,97288652.71159296,0.0008693499442083846,0.018273293162240956,0.018208389844949987
43,1001,Babakan Ciparay,505075023.6795088,-0.8347465991973877,40292465.38377181,0.07977520862195527,0.9812054242511121,0.056937576357771545,1,99188097.32326348,0.000891633083152376,0.01821599463446872,0.01816419799381399
43,1001,Bojongloa Kaler,505075023.6795088,-0.09733477234840393,23124898.687366083,0.045785076678113074,0.6686234630937988,0.0471673065943165,1,56926640.74402585,0.0007509657674540774,0.018213722768076403,0.01816763028383697
43,1001,Bojongloa Kidul,505075023.6795088,0.0204571932554245,12246029.531185288,0.024245961405836427,0.4718861764932836,0.03599655711752127,1,28402020.747646414,0.0005846019372355601,0.01839401506390684,0.018348772323360938
43,1001,Astanaanyar,505075023.6795088,-0.7259989380836487,6015007.329339522,0.011909136360613816,0.32811868269258115,0.026585205791053244,1,14807163.73892984,0.0004317196633319041,0.018202040323906862,0.018162817634986173
43,1001,Regol,505075023.6795088,0.3010782301425934,17871754.239384454,0.03538435559372429,0.3999828602210643,0.03218517105625938,1,18326632.15949979,0.001189203193920947,0.034502759240555174,0.034541910160079306
43,1001,Lengkong,505075023.6795088,-0.44390594959259033,5450622.365211551,0.010791708379288617,0.2262975493018746,0.02790164997882446,1,13417815.377728334,0.00041459061457883807,0.018169903522585216,0.01810066219928917
43,1001,Bandung Kidul,505075023.6795088,0.4791790843009949,11296626.598768014,0.022366234854519745,0.26014503368744246,0.023863145383596074,1,11296626.598768016,0.0009402326785802209,0.03645844993169427,0.03650478721387769
43,1001,Buahbatu,505075023.6795088,-0.12310902774333954,18307236.40221996,0.03624656841839138,0.5826502153674219,0.04077973447119356,1,45066985.32065355,0.0006494400216943684,0.01823363112503854,0.018187207930659047
43,1001,Rancasari,505075023.6795088,-0.09932216256856918,13879259.951610336,0.02747960065516387,0.46445895921266245,0.03541708811558211,1,34166620.82458875,0.0005537695196196759,0.018233116373349453,0.01818041383234341
43,1001,Gedebage,505075023.6795088,1.8908597230911255,8483102.082105381,0.016795726742346827,0.18722499639704526,0.018297731388400032,1,8483102.082105383,0.0006919870269603405,0.036429872921888415,0.0364484312691656
43,1001,Cibiru,505075023.6795088,0.681376039981842,18625473.525439303,0.03687664733399675,0.3102572251296634,0.02945892177876862,1,18625473.525439307,0.001140119192772019,0.03650824245214409,0.03654145902863051
43,1001,Panyileukan ,505075023.6795088,-0.530330240726471,1922885.0029803636,0.0038071274817194577,0.16944165976089143,0.015625835619631684,1,4733572.46821331,0.0002552627853288518,0.018218226232028945,0.018180644919840262
43,1001,Ujung Berung,505075023.6795088,0.9527403116226196,45121894.1845827,0.0893370134517173,0.781211511681669,0.037713016467191655,1,45121894.18458271,0.001455392404557083,0.03648274162773942,0.036514458001375164
43,1001,Cinambo,505075023.6795088,-1.5679559707641602,674410.7028784591,0.0013352683685788449,0.09806886226355575,0.010236698214658061,1,1660199.0917116024,0.00016282742560530208,0.01813134917254621,0.018086672214883994
43,1001,Arcamanik,505075023.6795088,-1.585100769996643,12393724.749405403,0.024538383741718617,0.4952516265344501,0.03331678694630696,1,30509673.829412267,0.0005148001657892828,0.018122981343156375,0.018068607747676442
43,1001,Antapani,505075023.6795088,-0.8912907242774963,10834865.602283202,0.02145199246510035,0.5095797338500905,0.0345145613182924,1,26672225.03283674,0.0005149293241763414,0.018176884207764157,0.01810893266139709
43,1001,Mandalajati,505075023.6795088,-0.7190024852752686,10061202.128921535,0.019920213150959112,0.5780784856820333,0.029723285804854203,1,24767695.062770467,0.0004757631560002374,0.018239102988731003,0.01819427957890686
43,1001,Kiaracondong,505075023.6795088,-0.47747543454170227,26703866.864266243,0.0528710896645148,0.8843371989355686,0.04880544714953628,1,65736998.72202667,0.000792844292528954,0.018072573504931272,0.018036093341771607
43,1001,Batununggal,505075023.6795088,1.9421429634094238,52569459.56841153,0.10408247706536575,0.6765748932796439,0.04523089530366946,1,52569459.56841154,0.0017798408176924374,0.03652691308903939,0.036571184159713506
43,1001,Sumur Bandung ,505075023.6795088,-1.8865851163864136,1293082.3138060316,0.002560178692634278,0.11137939176438515,0.014216186153099095,1,3183185.0736152953,0.0002136917833024283,0.018273411520409028,0.018205895842480314
43,1001,Andir,505075023.6795088,-1.7423067092895508,12854897.022051346,0.025451460514524106,0.5195475335660594,0.039428882002339474,1,31644943.16144028,0.0006072478206588703,0.01828378932510722,0.018224689320811907
43,1001,Cicendo,505075023.6795088,-1.2885130643844604,11573375.309389241,0.022914170700971015,0.42563921354364664,0.03659563868616008,1,28490216.85847745,0.0005779469993685884,0.018269545497922316,0.018219497045925685
43,1001,Bandung Wetan,505075023.6795088,-1.3041002750396729,635057.6642390486,0.0012573531346147485,0.08952335901151001,0.010703310798017321,1,1563323.5843592002,0.00016809837282462077,0.018179561817594104,0.01812954813059417
43,1001,Cibeunying Kidul,505075023.6795088,1.1469652652740479,45162545.30253107,0.08941749875794412,0.49798551823752985,0.04197487282261424,1,45162545.30253108,0.0016719335938604812,0.03627879033143815,0.03633547220607968
43,1001,Cibeunying Kaler,505075023.6795088,-0.3444637060165405,5244016.155334759,0.010382647942342733,0.3513668377325015,0.02674833542605365,1,12909212.17716311,0.0004200583781137922,0.01823830765142456,0.018186998017898623
43,1001,Coblong,505075023.6795088,0.02889300137758255,19685797.96537336,0.03897598780862469,0.7705280185810717,0.042785482596818816,1,45997331.64168851,0.0007268045279032482,0.019152022824698987,0.019108585364122035
43,1001,Sukajadi,505075023.6795088,-1.0687519311904907,14279004.119155109,0.028271055684225905,0.5516235105643622,0.03929688673348169,1,35150672.38403508,0.0006301583078345326,0.01824351303079933,0.01819921739973456
43,1001,Sukasari,505075023.6795088,1.2158907651901245,16190186.744309522,0.032055013582661086,0.30469597135868015,0.02879100649826487,1,16190186.744309524,0.0011539728575333454,0.0363760894640557,0.03643528760271711
43,1001,Cidadap,505075023.6795088,-0.6372783184051514,2761408.484314936,0.005467323377421976,0.15435857881107606,0.020992110579198014,1,6797768.537683745,0.00032990484121426324,0.018233588109082818,0.018182633931542073
44,1001,Bandung Kulon,448118184.5258307,0.021119877696037292,32591498.955996383,0.07272969515950925,0.8678541110158016,0.056936005660318645,1,97288652.71159296,0.0007169229687705188,0.018208389844949987,0.018102658516902927
44,1001,Babakan Ciparay,448118184.5258307,-0.8594491481781006,32490435.088079628,0.07250416566437463,1.0,0.05692381268545382,1,99188097.32326348,0.0007189817385116959,0.01816419799381399,0.018062675365384112
44,1001,Bojongloa Kaler,448118184.5258307,-0.03791552782058716,18647109.641071863,0.04161203513935283,0.7326514330640219,0.046568139405388974,1,56926640.74402585,0.0006055525341634625,0.01816763028383697,0.018075555725609087
44,1001,Bojongloa Kidul,448118184.5258307,-0.05306020379066467,9303475.27954108,0.020761208986386948,0.5068458778264852,0.036079794684588884,1,28402020.747646414,0.0004441300470158541,0.018348772323360938,0.018235330047638065
44,1001,Astanaanyar,448118184.5258307,-0.7375227808952332,4850291.570069585,0.010823688342846086,0.30149850526081107,0.02689633671735341,1,14807163.73892984,0.0003481236395969515,0.018162817634986173,0.018069346642886352
44,1001,Regol,448118184.5258307,0.2938911020755768,16067485.390268289,0.0358554639046167,0.3489132480050893,0.031855080873715455,1,18326632.15949979,0.0010691454620765483,0.034541910160079306,0.03452424423482193
44,1001,Lengkong,448118184.5258307,-0.46866703033447266,4395191.27111708,0.009808107376333731,0.1833938504957726,0.026790348271075095,1,13417815.377728334,0.0003343113736725092,0.01810066219928917,0.017996642369998705
44,1001,Bandung Kidul,448118184.5258307,0.51009202003479,11296626.598768018,0.02520903410943113,0.24177762737186217,0.025154819944636145,1,11296626.598768016,0.0009402326785802211,0.03650478721387769,0.036521859565492025
44,1001,Buahbatu,448118184.5258307,-0.14912310242652893,14762315.24437871,0.032942906032700336,0.5986614484595313,0.040326096931878684,1,45066985.32065355,0.000523685723062267,0.018187207930659047,0.018094254617060046
44,1001,Rancasari,448118184.5258307,-0.07082908600568771,11191749.877633467,0.02497499602582708,0.4247314319276735,0.035237756295191096,1,34166620.82458875,0.00044654037571517435,0.01818041383234341,0.01807959610297622
44,1001,Gedebage,448118184.5258307,1.9022929668426514,8483102.082105385,0.01893050176279199,0.23516697882871135,0.018292253491357106,1,8483102.082105383,0.0006919870269603408,0.0364484312691656,0.03647478467036829
44,1001,Cibiru,448118184.5258307,0.6853271722793579,18625473.52543931,0.04156375297545126,0.3115879008948533,0.028402417775472623,1,18625473.525439307,0.0011401191927720195,0.03654145902863051,0.036605661514889115
44,1001,Panyileukan ,448118184.5258307,-0.5255220532417297,1550547.224552258,0.0034601301132042776,0.1738627880417924,0.016244146422745288,1,4733572.46821331,0.00020583498374040403,0.018180644919840262,0.018079798649736113
44,1001,Ujung Berung,448118184.5258307,0.9776879549026489,45121894.18458272,0.10069195079045443,0.7898136057115662,0.03773063304417713,1,45121894.18458271,0.0014553924045570836,0.036514458001375164,0.036552848009555626
44,1001,Cinambo,448118184.5258307,-1.5643903017044067,543821.2071630635,0.0012135664785362357,0.09629501563166423,0.010149140246345847,1,1660199.0917116024,0.00013129834205476333,0.018086672214883994,0.017994790767089004
44,1001,Arcamanik,448118184.5258307,-1.6158814430236816,9993866.238630923,0.022301853804941606,0.556093937866938,0.03426870195261676,1,30509673.829412267,0.0004151168515155174,0.018068607747676442,0.0179553463941563
44,1001,Antapani,448118184.5258307,-0.9005457758903503,8736856.734530635,0.01949676901368197,0.46636422194253907,0.03239673127557073,1,26672225.03283674,0.0004152210003222692,0.01810893266139709,0.018013519898110102
44,1001,Mandalajati,448118184.5258307,-0.7457658052444458,8113001.5640451,0.018104602411146843,0.5886155877093376,0.03189738729456391,1,24767695.062770467,0.0003836387719166815,0.01819427957890686,0.018075347845344078
44,1001,Kiaracondong,448118184.5258307,-0.49440798163414,21533064.425082453,0.048052199550588044,0.9142794624996572,0.05351404469004585,1,65736998.72202667,0.0006393219123231272,0.018036093341771607,0.01791889363395712
44,1001,Batununggal,448118184.5258307,1.9701675176620483,52569459.56841155,0.11731159632371783,0.7437015348630988,0.04867003725753081,1,52569459.56841154,0.001779840817692438,0.036571184159713506,0.036571680564956535
44,1001,Sumur Bandung ,448118184.5258307,-1.9310351610183716,1042696.35973131,0.002326833401850503,0.0905561287249575,0.01393854403159107,1,3183185.0736152953,0.00017231358141316075,0.018205895842480314,0.018096144692010853
44,1001,Andir,448118184.5258307,-1.7255902290344238,10365739.432442984,0.02313170897853951,0.5692389238166063,0.038493024654647746,1,31644943.16144028,0.0004896634075769709,0.018224689320811907,0.018124089999840557
44,1001,Cicendo,448118184.5258307,-1.308579444885254,9332365.137208557,0.020825678268520734,0.4167195618741786,0.036197944511486495,1,28490216.85847745,0.0004660362499163043,0.018219497045925685,0.018122984395059646
44,1001,Bandung Wetan,448118184.5258307,-1.3556387424468994,512088.2929505859,0.0011427527617350413,0.10291813200597297,0.011013932490779399,1,1563323.5843592002,0.00013554864957133797,0.01812954813059417,0.018020160242541088
44,1001,Cibeunying Kidul,448118184.5258307,1.1522117853164673,45162545.302531086,0.10078266596192505,0.42304750158303417,0.042296808443880965,1,45162545.30253108,0.001671933593860482,0.03633547220607968,0.03639301528453378
44,1001,Cibeunying Kaler,448118184.5258307,-0.30772072076797485,4228591.248337147,0.009436330402015632,0.2889165509309656,0.027420400027389366,1,12909212.17716311,0.00033872038698349287,0.018186998017898623,0.018077451989284656
44,1001,Coblong,448118184.5258307,0.046980395913124084,16675913.503904056,0.03721320419422259,0.7279313198127415,0.044104272123237344,1,45997331.64168851,0.0006156788494364962,0.019108585364122035,0.019013892719684462
44,1001,Sukajadi,448118184.5258307,-1.1119118928909302,11514089.59558686,0.025694314565186227,0.5661507668433903,0.04100174524475071,1,35150672.38403508,0.0005081376232728152,0.01819921739973456,0.018090473838738713
44,1001,Sukasari,448118184.5258307,1.2394582033157349,16190186.744309528,0.03612927862197988,0.28186623682158485,0.03075820750582281,1,16190186.744309524,0.0011539728575333456,0.03643528760271711,0.03645621082442506
44,1001,Cidadap,448118184.5258307,-0.6461206078529358,2226703.237361151,0.0049690088781317865,0.15154597497823924,0.021186281419797334,1,6797768.537683745,0.000266023727429504,0.018182633931542073,0.018078706151163852
45,1001,Bandung Kulon,440635137.4218692,0.02094019018113613,31590059.672143117,0.07169210303330491,0.7840838366527408,0.05376279347146391,1,97288652.71159296,0.000694894070210411,0.018102658516902927,0.018010180257722698
45,1001,Babakan Ciparay,440635137.4218692,-0.8429619073867798,31470240.32088489,0.07142017884686966,1.0,0.059634231488936845,1,99188097.32326348,0.000696405820234525,0.018062675365384112,0.017940007176726405
45,1001,Bojongloa Kaler,440635137.4218692,-0.04359402507543564,18061593.20746437,0.040989906781246976,0.8081939285296557,0.04834216086182688,1,56926640.74402585,0.0005865382758151113,0.018075555725609087,0.01796537672725144
45,1001,Bojongloa Kidul,440635137.4218692,-0.04574894905090332,9011347.55729966,0.020450814726271117,0.503044067324026,0.03568635898747525,1,28402020.747646414,0.000430184430446202,0.018235330047638065,0.01812040529965112
45,1001,Astanaanyar,440635137.4218692,-0.7254182696342468,4697993.145448943,0.010661866806484453,0.2502235660837859,0.028634112706503633,1,14807163.73892984,0.0003371926097572218,0.018069346642886352,0.017949346566056703
45,1001,Regol,440635137.4218692,0.28698572516441345,15716138.864161123,0.035667012295286626,0.36300091222065217,0.03157576165595188,1,18326632.15949979,0.0010457665365707967,0.03452424423482193,0.03449527671865065
45,1001,Lengkong,440635137.4218692,-0.45367348194122314,4257182.927324271,0.00966146946935009,0.22138318174917734,0.025733529688782775,1,13417815.377728334,0.0003238140469020373,0.017996642369998705,0.01790006250482879
45,1001,Bandung Kidul,440635137.4218692,0.49774089455604553,11296626.598768018,0.025637144293267054,0.25071735826601227,0.025255775897449775,1,11296626.598768016,0.0009402326785802211,0.036521859565492025,0.03653108088940655
45,1001,Buahbatu,440635137.4218692,-0.1479870080947876,14298780.769596629,0.032450387078202546,0.5654528582309069,0.042432524925369475,1,45066985.32065355,0.0005072420702495432,0.018094254617060046,0.01797868347680227
45,1001,Rancasari,440635137.4218692,-0.07578931003808975,10840330.617473941,0.024601602770264967,0.417923054250641,0.03481538723038819,1,34166620.82458875,0.0004325190751874712,0.01807959610297622,0.01797701427229869
45,1001,Gedebage,440635137.4218692,1.8909916877746582,8483102.082105385,0.019251987328426704,0.2617664374897103,0.017777840606558272,1,8483102.082105383,0.0006919870269603408,0.03647478467036829,0.03651473329570037
45,1001,Cibiru,440635137.4218692,0.689602792263031,18625473.52543931,0.04226960572054213,0.2941728001192661,0.029833816300656544,1,18625473.525439307,0.0011401191927720195,0.036605661514889115,0.03663114834469091
45,1001,Panyileukan ,440635137.4218692,-0.5125035643577576,1501860.2752858596,0.0034083988037657584,0.1915097944823254,0.01567711454748969,1,4733572.46821331,0.00019937179625927921,0.018079798649736113,0.017984661658586712
45,1001,Ujung Berung,440635137.4218692,0.9625006914138794,45121894.18458272,0.10240194290584341,0.7595669206594632,0.0371719747349035,1,45121894.18458271,0.0014553924045570836,0.036552848009555626,0.036595351595658854
45,1001,Cinambo,440635137.4218692,-1.5498217344284058,526745.3031829153,0.0011954228304734654,0.0924689271407608,0.010417754249474363,1,1660199.0917116024,0.00012717559389388198,0.017994790767089004,0.017888560804679834
45,1001,Arcamanik,440635137.4218692,-1.5986523628234863,9680060.344279075,0.021968425852092844,0.6225817517510166,0.03388846525675017,1,30509673.829412267,0.00040208224491383894,0.0179553463941563,0.017840733975237076
45,1001,Antapani,440635137.4218692,-0.8842794299125671,8462520.74924343,0.019205278995127695,0.5026918480259142,0.031774163550565566,1,26672225.03283674,0.0004021831234637484,0.018013519898110102,0.017918404501881816
45,1001,Mandalajati,440635137.4218692,-0.7250690460205078,7858254.537129531,0.017833926234543447,0.5317572025324693,0.03025080537963305,1,24767695.062770467,0.0003715925722723434,0.018075347845344078,0.017969212479783347
45,1001,Kiaracondong,440635137.4218692,-0.48814162611961365,20856929.44601607,0.04733378633408303,0.869445577926209,0.051141209180183084,1,65736998.72202667,0.0006192473005878018,0.01791889363395712,0.017811844187731657
45,1001,Batununggal,440635137.4218692,1.9496705532073975,52569459.56841155,0.11930383009396942,0.714113162174735,0.046503148938719104,1,52569459.56841154,0.001779840817692438,0.036571680564956535,0.03659878257652061
45,1001,Sumur Bandung ,440635137.4218692,-1.9049403667449951,1009955.8511143243,0.0022920456526084546,0.08778834064134082,0.014142562642517679,1,3183185.0736152953,0.00016690296091522878,0.018096144692010853,0.01797619923690122
45,1001,Andir,440635137.4218692,-1.7099363803863525,10040256.775826842,0.022785874123820004,0.593618103096428,0.038126977667706854,1,31644943.16144028,0.0004742880503451421,0.018124089999840557,0.018020890127986022
45,1001,Cicendo,440635137.4218692,-1.294583797454834,9039330.277788535,0.020514320148586278,0.42344780629471057,0.03563953169532694,1,28490216.85847745,0.00045140278187567136,0.018122984395059646,0.018025578652951638
45,1001,Bandung Wetan,440635137.4218692,-1.3359967470169067,496008.7976962564,0.0011256678271242173,0.09122292455871187,0.010425821352968764,1,1563323.5843592002,0.00013129244239473023,0.018020160242541088,0.01792328408935907
45,1001,Cibeunying Kidul,440635137.4218692,1.1434391736984253,45162545.302531086,0.10249419863966032,0.5036749563760842,0.04270668726268939,1,45162545.30253108,0.001671933593860482,0.03639301528453378,0.03643809720323702
45,1001,Cibeunying Kaler,440635137.4218692,-0.3100040853023529,4095814.120161914,0.00929525081482672,0.2652788253698551,0.027569416144543585,1,12909212.17716311,0.00032808461785925846,0.018077451989284656,0.01796078940422066
45,1001,Coblong,440635137.4218692,0.05133522301912308,16365111.84820396,0.03713982489902028,0.6925911972178319,0.04526183447316577,1,45997331.64168851,0.0006042039754669477,0.019013892719684462,0.018906626249087986
45,1001,Sukajadi,440635137.4218692,-1.0900037288665771,11152548.916842954,0.02531016700596297,0.5521092063579157,0.039341629234162644,1,35150672.38403508,0.0004921821784512131,0.018090473838738713,0.017989884614478174
45,1001,Sukasari,440635137.4218692,1.226107120513916,16190186.744309528,0.03674284088880741,0.232608830963956,0.028655163101313205,1,16190186.744309524,0.0011539728575333456,0.03645621082442506,0.03651840452648509
45,1001,Cidadap,440635137.4218692,-0.641267716884613,2156785.0911531034,0.004894718800167251,0.15927350596278012,0.022023277404874173,1,6797768.537683745,0.00025767062246376623,0.018078706151163852,0.017956267644602286
46,1001,Bandung Kulon,454367117.3217425,0.01642109453678131,33287987.462227587,0.07326231629269947,0.7353341122396868,0.05821386765277138,1,97288652.71159296,0.0007322437924084862,0.018010180257722698,0.017909074171865803
46,1001,Babakan Ciparay,454367117.3217425,-0.8276413083076477,33356589.1225567,0.07341329918233613,0.8716293058687914,0.05866945077194131,1,99188097.32326348,0.0007381488851454362,0.017940007176726405,0.017842115771303242
46,1001,Bojongloa Kaler,454367117.3217425,-0.060570135712623596,19144218.073235534,0.042133810620101055,0.8944662883967566,0.048017344770827766,1,56926640.74402585,0.0006216958012244177,0.01796537672725144,0.01787612111206647
46,1001,Bojongloa Kidul,454367117.3217425,-0.03413476049900055,9551494.200376915,0.021021534869596195,0.5745012228676905,0.036181010225331385,1,28402020.747646414,0.000455969994096046,0.01812040529965112,0.01801993441974431
46,1001,Astanaanyar,454367117.3217425,-0.7202475666999817,4979594.227926181,0.010959407135970347,0.27056000614994946,0.028677908884372234,1,14807163.73892984,0.0003574041769032792,0.017949346566056703,0.017848126697449757
46,1001,Regol,454367117.3217425,0.28504934906959534,16060683.95699103,0.035347372960570736,0.37385413059758815,0.03260021541266282,1,18326632.15949979,0.0010686928883634021,0.03449527671865065,0.03446382517521493
46,1001,Lengkong,454367117.3217425,-0.4367202818393707,4512361.528808495,0.009931091746705872,0.22217944807406975,0.027164757726547466,1,13417815.377728334,0.0003432236933842343,0.01790006250482879,0.01780448392362457
46,1001,Bandung Kidul,454367117.3217425,0.48673689365386963,11296626.598768016,0.024862333052082967,0.26392916702594116,0.023881878681538456,1,11296626.598768016,0.000940232678580221,0.03653108088940655,0.036580234154646764
46,1001,Buahbatu,454367117.3217425,-0.14002834260463715,15155859.955998538,0.03335597885105428,0.5407791216250012,0.04115335101011586,1,45066985.32065355,0.0005376465241595365,0.01797868347680227,0.017891980388040414
46,1001,Rancasari,454367117.3217425,-0.0782536193728447,11490107.818457937,0.025288158804682298,0.37938672846593663,0.035079981928616485,1,34166620.82458875,0.00045844457911947125,0.01797701427229869,0.017890447174546905
46,1001,Gedebage,454367117.3217425,1.8921633958816528,8483102.082105383,0.018670149662477452,0.294675731831281,0.01793516761485958,1,8483102.082105383,0.0006919870269603406,0.03651473329570037,0.03655120154306199
46,1001,Cibiru,454367117.3217425,0.6985626220703125,18625473.525439307,0.040992124683728814,0.25589625057786974,0.029475998443451074,1,18625473.525439307,0.0011401191927720193,0.03663114834469091,0.03666729448398722
46,1001,Panyileukan ,454367117.3217425,-0.5048205256462097,1591882.8585796983,0.00350351686531151,0.1889916230823054,0.01569319150749526,1,4733572.46821331,0.00021132228488364676,0.017984661658586712,0.017907240332215565
46,1001,Ujung Berung,454367117.3217425,0.9551333785057068,45121894.18458271,0.0993071295531965,0.7074729115189284,0.037041036041852354,1,45121894.18458271,0.0014553924045570832,0.036595351595658854,0.03664222234282302
46,1001,Cinambo,454367117.3217425,-1.5557222366333008,558318.7948790032,0.0012287834519584112,0.08255929446833746,0.010140195126375146,1,1660199.0917116024,0.00013479859030882896,0.017888560804679834,0.01780924982405424
46,1001,Arcamanik,454367117.3217425,-1.5942777395248413,10260290.111969272,0.022581497913951913,0.6436690638340995,0.032904259609546176,1,30509673.829412267,0.0004261833433844275,0.017840733975237076,0.01775440614159224
46,1001,Antapani,454367117.3217425,-0.87526535987854,8969770.319367126,0.01974124001807008,0.5753485800708756,0.03436492064458133,1,26672225.03283674,0.00042629026866705324,0.017918404501881816,0.017816394909408364
46,1001,Mandalajati,454367117.3217425,-0.7078111171722412,8329283.956612832,0.018331616965835077,0.5263126266792935,0.029460564105824025,1,24767695.062770467,0.00039386609787204785,0.017969212479783347,0.017889909545456408
46,1001,Kiaracondong,454367117.3217425,-0.4819396734237671,22107108.773084514,0.04865472858906341,0.7525460493090967,0.05021201293622956,1,65736998.72202667,0.0006563654284283159,0.017811844187731657,0.017729022495824604
46,1001,Batununggal,454367117.3217425,1.9386109113693237,52569459.56841154,0.11569820430290186,0.7296796361177198,0.046998773558638456,1,52569459.56841154,0.0017798408176924376,0.03659878257652061,0.03662161187469433
46,1001,Sumur Bandung ,454367117.3217425,-1.9005271196365356,1070493.3300171029,0.0023560096873363186,0.10116044483510515,0.013371809656266805,1,3183185.0736152953,0.00017690724423520654,0.01797619923690122,0.0178934958943072
46,1001,Andir,454367117.3217425,-1.7142910957336426,10642076.976258846,0.02342175868488976,0.6094921595756402,0.038978725923977345,1,31644943.16144028,0.0005027172166398169,0.018020890127986022,0.017929131939741355
46,1001,Cicendo,454367117.3217425,-1.2799720764160156,9581154.225224558,0.021086812535423938,0.42466533770981796,0.03784789740341132,1,28490216.85847745,0.00047846018874578685,0.018025578652951638,0.017927224464757405
46,1001,Bandung Wetan,454367117.3217425,-1.3237128257751465,525739.9211834857,0.0011570817982657915,0.08702082750829558,0.011010907529467769,1,1563323.5843592002,0.00013916220566487296,0.01792328408935907,0.017827256419144528
46,1001,Cibeunying Kidul,454367117.3217425,1.1400712728500366,45162545.30253108,0.09939659711455522,0.5299654501815471,0.044814436783199685,1,45162545.30253108,0.0016719335938604816,0.03643809720323702,0.03645383805636624
46,1001,Cibeunying Kaler,454367117.3217425,-0.31867003440856934,4341320.159475842,0.009554653041500149,0.290920273465726,0.02622495597958431,1,12909212.17716311,0.0003477502454310649,0.01796078940422066,0.017879137383483228
46,1001,Coblong,454367117.3217425,0.0525791272521019,17294388.497316796,0.03806258824198857,0.6361978177553734,0.043434624094504874,1,45997331.64168851,0.0006385130991020666,0.018906626249087986,0.018832908215306164
46,1001,Sukajadi,454367117.3217425,-1.071047067642212,11821040.706875827,0.026016496916754686,0.5372708018943516,0.03865324762075011,1,35150672.38403508,0.0005216839316332353,0.017989884614478174,0.01791304851551337
46,1001,Sukasari,454367117.3217425,1.2197842597961426,16190186.744309524,0.03563239091715581,0.22288002171301388,0.03135214377651607,1,16190186.744309524,0.0011539728575333454,0.03651840452648509,0.03652361054378925
46,1001,Cidadap,454367117.3217425,-0.6454996466636658,2286064.338171128,0.005031315539835468,0.16878722901331947,0.02023665996500126,1,6797768.537683745,0.000273115584591621,0.017956267644602286,0.017880136399542508
47,1001,Bandung Kulon,416823971.55310345,0.008565006777644157,27932746.013936646,0.06701329079001402,0.8364030719024917,0.056164192945090154,1,97288652.71159296,0.0006144432701687659,0.017909074171865803,0.01778470632856956
47,1001,Babakan Ciparay,416823971.55310345,-0.8225306868553162,28176816.97213719,0.06759884002628065,0.7658808501373653,0.05708770116517664,1,99188097.32326348,0.0006235255636753757,0.017842115771303242,0.017719855516543953
47,1001,Bojongloa Kaler,416823971.55310345,-0.0667816549539566,16171411.493612962,0.03879674058417901,0.9361187467162794,0.04684334712310568,1,56926640.74402585,0.0005251558766720791,0.01787612111206647,0.017761068758548722
47,1001,Bojongloa Kidul,416823971.55310345,-0.03351692110300064,8068292.081832076,0.01935659326830289,0.6098561849515884,0.034410576498250314,1,28402020.747646414,0.0003851647727297968,0.01801993441974431,0.01790234390384639
47,1001,Astanaanyar,416823971.55310345,-0.7008395791053772,4206338.802815593,0.010091403301836504,0.3204717653472038,0.027861771795130205,1,14807163.73892984,0.00030190473134649923,0.017848126697449757,0.017723240617789442
47,1001,Regol,416823971.55310345,0.3035895526409149,15680687.151593495,0.03761944662915284,0.33748152695051686,0.031130249637772972,1,18326632.15949979,0.001043407546555005,0.03446382517521493,0.034444753838767495
47,1001,Lengkong,416823971.55310345,-0.42967545986175537,3811660.2522579757,0.009144532254360448,0.288070155145059,0.02654789863679339,1,13417815.377728334,0.00028992626174864877,0.01780448392362457,0.017683096862086568
47,1001,Bandung Kidul,416823971.55310345,0.481797993183136,11296626.598768014,0.027101672095960115,0.24878258414837845,0.024301978049684467,1,11296626.598768016,0.0009402326785802209,0.036580234154646764,0.036613797477737034
47,1001,Buahbatu,416823971.55310345,-0.11021234095096588,12802384.874139737,0.030714128140081582,0.4912154402656943,0.04212891204887776,1,45066985.32065355,0.0004541581770033161,0.017891980388040414,0.017764391951894675
47,1001,Rancasari,416823971.55310345,-0.06798382848501205,9705868.420817627,0.023285293272968823,0.3486239411720907,0.0347170797216459,1,34166620.82458875,0.0003872550922475048,0.017890447174546905,0.017773521414202943
47,1001,Gedebage,416823971.55310345,1.8811891078948975,8483102.082105381,0.020351761561354046,0.3298718319050629,0.018258051076186985,1,8483102.082105383,0.0006919870269603405,0.03655120154306199,0.036571973764121184
47,1001,Cibiru,416823971.55310345,0.7049874067306519,18625473.525439303,0.044684266732645,0.3282159818351727,0.028475588089751595,1,18625473.525439307,0.001140119192772019,0.03666729448398722,0.036721041497192096
47,1001,Panyileukan ,416823971.55310345,-0.4961407780647278,1344687.6052728961,0.0032260323230992077,0.17320648867140345,0.016388215132532365,1,4733572.46821331,0.0001785071405659344,0.017907240332215565,0.017782538506893396
47,1001,Ujung Berung,416823971.55310345,0.9447870254516602,45121894.1845827,0.10825167760015494,0.8008614474586591,0.03965138521220214,1,45121894.18458271,0.001455392404557083,0.03664222234282302,0.03664014395820267
47,1001,Cinambo,416823971.55310345,-1.5567184686660767,471620.3577532956,0.0011314616959193077,0.09360090902511588,0.01082697868806737,1,1660199.0917116024,0.0001138664146168809,0.01780924982405424,0.01767586183243647
47,1001,Arcamanik,416823971.55310345,-1.5928270816802979,8667022.743356206,0.020793004565122584,0.5759704116045068,0.03459861262237448,1,30509673.829412267,0.0003600035369022793,0.01775440614159224,0.017618986976482374
47,1001,Antapani,416823971.55310345,-0.8639770150184631,7576901.092684148,0.01817769996397352,0.5098384616609097,0.033368214217123986,1,26672225.03283674,0.00036009385831095716,0.017816394909408364,0.01769100581465619
47,1001,Mandalajati,416823971.55310345,-0.683292806148529,7035872.543566884,0.01687972147415354,0.47005183023955666,0.03064907328259173,1,24767695.062770467,0.0003327046692482669,0.017889909545456408,0.017764561014334906
47,1001,Kiaracondong,416823971.55310345,-0.4772261679172516,18674210.225562364,0.04480119067044413,0.6365124247088242,0.0490838529592877,1,65736998.72202667,0.0005544418368350704,0.017729022495824604,0.017619649082413456
47,1001,Batununggal,416823971.55310345,1.9185261726379395,52569459.56841153,0.1261190890066508,0.6229439619708912,0.04618495656369595,1,52569459.56841154,0.0017798408176924374,0.03662161187469433,0.03665196079076193
47,1001,Sumur Bandung ,416823971.55310345,-1.8973761796951294,904261.9591278413,0.0021694096809224375,0.11391139232178742,0.013582867888208186,1,3183185.0736152953,0.00014943623352933882,0.0178934958943072,0.017772246799200517
47,1001,Andir,416823971.55310345,-1.7040573358535767,8989523.900711618,0.02156671524244702,0.5591629937411375,0.0387623263593828,1,31644943.16144028,0.0004246528609372591,0.017929131939741355,0.017805699443920426
47,1001,Cicendo,416823971.55310345,-1.257157564163208,8093346.35487092,0.019416700831084106,0.404841946823231,0.03578869137530404,1,28490216.85847745,0.00040416258140817146,0.017927224464757405,0.017813195902251052
47,1001,Bandung Wetan,416823971.55310345,-1.319245457649231,444100.48880313925,0.0010654389361254883,0.0953245674369279,0.010548692621706036,1,1563323.5843592002,0.0001175524267199863,0.017827256419144528,0.01771152627802133
47,1001,Cibeunying Kidul,416823971.55310345,1.1266107559204102,45162545.30253107,0.10834920346412313,0.5027814052590625,0.04494399174179305,1,45162545.30253108,0.0016719335938604812,0.03645383805636624,0.03646411285856607
47,1001,Cibeunying Kaler,416823971.55310345,-0.31509190797805786,3667179.0122653986,0.00879790813997894,0.3109773454125882,0.027218808658895404,1,12909212.17716311,0.0002937499089468016,0.017879137383483228,0.01775221778173121
47,1001,Coblong,416823971.55310345,0.05699878931045532,15033265.512390709,0.036066221086988204,0.5551133709614822,0.04482947973572807,1,45997331.64168851,0.0005550318794694632,0.018832908215306164,0.01871678015457807
47,1001,Sukajadi,416823971.55310345,-1.061355710029602,9985412.45311516,0.023955945757891752,0.6008338012504145,0.03851690262646111,1,35150672.38403508,0.00044067433288598565,0.01791304851551337,0.017803274530202175
47,1001,Sukasari,416823971.55310345,1.2220624685287476,16190186.744309522,0.03884178418046404,0.23643912218996646,0.031042483794388145,1,16190186.744309524,0.0011539728575333454,0.03652361054378925,0.03653217242607112
47,1001,Cidadap,416823971.55310345,-0.6485702395439148,1931073.2343319592,0.0046328267233208785,0.17965255136270497,0.021308687039677802,1,6797768.537683745,0.0002307048784575044,0.017880136399542508,0.01775420186796001
48,1001,Bandung Kulon,505880160.91350335,0.004254532977938652,39705319.81973732,0.07848760020167354,1.0,0.058611167107515266,1,97288652.71159296,0.0008734073814641692,0.01778470632856956,0.017735792149672667
48,1001,Babakan Ciparay,505880160.91350335,-0.8059009313583374,40329272.505225,0.07972100038949859,0.7785338899439244,0.05582740114933005,1,99188097.32326348,0.0008924475889630951,0.017719855516543953,0.017693690887421454
48,1001,Bojongloa Kaler,505880160.91350335,-0.1062714233994484,23146023.256102987,0.04575396515709687,0.9941219371786802,0.05051657343445795,1,56926640.74402585,0.0007516517738313643,0.017761068758548722,0.01771221956933924
48,1001,Bojongloa Kidul,505880160.91350335,0.01436460018157959,12048961.899604952,0.023817818587404765,0.6717665564476414,0.0367897046469372,1,28402020.747646414,0.0005751943068770909,0.01790234390384639,0.01786499320388721
48,1001,Astanaanyar,505880160.91350335,-0.6976667046546936,6020502.03171636,0.011901043956427777,0.2643971227574045,0.028528834436249182,1,14807163.73892984,0.00043211403875496743,0.017723240617789442,0.01768073215861492
48,1001,Regol,505880160.91350335,0.2883079946041107,17504409.02694968,0.03460188870688414,0.3369878187689213,0.03154614102457713,1,18326632.15949979,0.001164759700906909,0.034444753838767495,0.03449290697761241
48,1001,Lengkong,505880160.91350335,-0.4140666425228119,5455601.502563436,0.010784375281117713,0.3125656784843438,0.026713903550481033,1,13417815.377728334,0.0004149693426352827,0.017683096862086568,0.017649078809822735
48,1001,Bandung Kidul,505880160.91350335,0.4652819335460663,11296626.598768014,0.02233063771144712,0.2604629236355188,0.024012857178014945,1,11296626.598768016,0.0009402326785802209,0.036613797477737034,0.03666275872311147
48,1001,Buahbatu,505880160.91350335,-0.11645111441612244,18323960.041920602,0.036221938430698174,0.5941892967427437,0.0412429293721818,1,45066985.32065355,0.0006500332844179915,0.017764391951894675,0.017733208320293715
48,1001,Rancasari,505880160.91350335,-0.09215571731328964,13891938.639842832,0.02746092792956574,0.3678152519157331,0.03641508784244579,1,34166620.82458875,0.0005542753874481045,0.017773521414202943,0.01773153533321521
48,1001,Gedebage,505880160.91350335,1.8875300884246826,8483102.082105381,0.01676899538180515,0.29976507542716707,0.018711468467000687,1,8483102.082105383,0.0006919870269603405,0.036571973764121184,0.03658571570799971
48,1001,Cibiru,505880160.91350335,0.7124114036560059,18625473.525439303,0.03681795603884916,0.3386530420338396,0.030470120859443926,1,18625473.525439307,0.001140119192772019,0.036721041497192096,0.03673977459566029
48,1001,Panyileukan ,505880160.91350335,-0.5114632248878479,1924641.5562508353,0.003804540491912897,0.19994064919442145,0.015928808613222427,1,4733572.46821331,0.00025549596759388794,0.017782538506893396,0.017756235027430203
48,1001,Ujung Berung,505880160.91350335,0.9132353067398071,45121894.1845827,0.08919482848092508,0.8011364555433267,0.037713508032203,1,45121894.18458271,0.001455392404557083,0.03664014395820267,0.036679754956634975
48,1001,Cinambo,505880160.91350335,-1.5682406425476074,675026.7762910377,0.0013343610373494276,0.09008299664840619,0.010288021827706178,1,1660199.0917116024,0.000162976168274014,0.01767586183243647,0.01764782218363596
48,1001,Arcamanik,505880160.91350335,-1.5626935958862305,12405046.402914662,0.024521709609078166,0.5636061502126288,0.03229095942150619,1,30509673.829412267,0.0005152704351571623,0.017618986976482374,0.017594112285192313
48,1001,Antapani,505880160.91350335,-0.8476587533950806,10844763.239728663,0.021437415573177476,0.47928188371923675,0.034761351457249845,1,26672225.03283674,0.0005153997115302611,0.01769100581465619,0.017642480911468063
48,1001,Mandalajati,505880160.91350335,-0.6695988178253174,10070393.02566109,0.019906677121862764,0.46450878748320695,0.03167803201344473,1,24767695.062770467,0.00047619776510392627,0.017764561014334906,0.017718866123601098
48,1001,Kiaracondong,505880160.91350335,-0.4550756812095642,26728260.816375688,0.05283516311078614,0.7349775167173925,0.052610732113581485,1,65736998.72202667,0.000793568554891424,0.017619649082413456,0.017577914696301416
48,1001,Batununggal,505880160.91350335,1.9227176904678345,52569459.56841153,0.10391682384516358,0.6961994827436867,0.045113353293232406,1,52569459.56841154,0.0017798408176924374,0.03665196079076193,0.036704956827843895
48,1001,Sumur Bandung ,505880160.91350335,-1.877002477645874,1294263.5430338765,0.0025584390198198997,0.11572306655647559,0.013207539055080661,1,3183185.0736152953,0.00021388699050423757,0.017772246799200517,0.017748940883422142
48,1001,Andir,505880160.91350335,-1.7425010204315186,12866639.955908889,0.025434165935020448,0.5857010127510236,0.04046620222610253,1,31644943.16144028,0.000607802540854676,0.017805699443920426,0.017758910405512734
48,1001,Cicendo,505880160.91350335,-1.2615662813186646,11583947.57461498,0.022898600241007736,0.4278592388684834,0.035918728042520505,1,28490216.85847745,0.0005784749532973603,0.017813195902251052,0.01778753702570361
48,1001,Bandung Wetan,505880160.91350335,-1.3044244050979614,635637.78869544,0.001256498747742201,0.09551669683267992,0.010851479481954345,1,1563323.5843592002,0.00016825193049764252,0.01771152627802133,0.01767640668978405
48,1001,Cibeunying Kidul,505880160.91350335,1.1462455987930298,45162545.30253107,0.08927518569017985,0.5123669503725583,0.044208673476063894,1,45162545.30253108,0.0016719335938604812,0.03646411285856607,0.03649392258322157
48,1001,Cibeunying Kaler,505880160.91350335,-0.33135533332824707,5248806.558148126,0.010375592805754603,0.3190224681771336,0.02813635661051052,1,12909212.17716311,0.00042044210096602784,0.01775221778173121,0.017704898964100897
48,1001,Coblong,505880160.91350335,0.05647607147693634,20671477.945002727,0.04086240090474153,0.4924129308722911,0.04429268546393525,1,45997331.64168851,0.0007631960764459246,0.01871678015457807,0.018694350492157747
48,1001,Sukajadi,505880160.91350335,-1.056437611579895,14292047.973231513,0.028251845155230756,0.45835351628264287,0.04000196710347712,1,35150672.38403508,0.0006307339567344025,0.017803274530202175,0.017771489399308567
48,1001,Sukasari,505880160.91350335,1.198407530784607,16190186.744309522,0.032003996193631645,0.23295493938452533,0.030903983638573627,1,16190186.744309524,0.0011539728575333454,0.03653217242607112,0.03655278761135551
48,1001,Cidadap,505880160.91350335,-0.6400023698806763,2763931.0278350706,0.005463608264147079,0.1803114484939363,0.022217591442276346,1,6797768.537683745,0.0003302062089127378,0.01775420186796001,0.01770513351786454
49,1001,Bandung Kulon,484646708.50527155,-0.002828206866979599,36739774.757283084,0.0758073336979724,0.9371691666211601,0.05522601986856279,1,97288652.71159296,0.000808173580064977,0.017735792149672667,0.01768706069755562
49,1001,Babakan Ciparay,484646708.50527155,-0.8201191425323486,37457074.92797806,0.0772873812421046,0.6274909577802242,0.05886385820262532,1,99188097.32326348,0.0008288886491754362,0.017693690887421454,0.01763418500847077
49,1001,Bojongloa Kaler,484646708.50527155,-0.11023912578821182,21497594.018742774,0.044357247540264565,0.9814682239411248,0.048156929889075814,1,56926640.74402585,0.0006981201262309246,0.01771221956933924,0.017661047116165816
49,1001,Bojongloa Kidul,484646708.50527155,0.012946993112564087,11174294.785081154,0.0230565783053484,0.6896877403655777,0.03469536804570083,1,28402020.747646414,0.0005334393782053357,0.01786499320388721,0.017826921548638495
49,1001,Astanaanyar,484646708.50527155,-0.7113081216812134,5591729.820487762,0.011537744345223259,0.23281033185839287,0.028877084263797422,1,14807163.73892984,0.00040133944704752683,0.01768073215861492,0.01761749835681183
49,1001,Regol,484646708.50527155,0.30138808488845825,17364686.58085941,0.03582957704265629,0.34867937468327403,0.031200402457584216,1,18326632.15949979,0.0011554624390417681,0.03449290697761241,0.034541319936587205
49,1001,Lengkong,484646708.50527155,-0.42514529824256897,5067060.761689487,0.010455163880751647,0.32949668748160915,0.02790218031412232,1,13417815.377728334,0.00038541577356471745,0.017649078809822735,0.017584623388345384
49,1001,Bandung Kidul,484646708.50527155,0.4751853942871094,11296626.598768014,0.02330899271679494,0.28107523133229195,0.025641301439842116,1,11296626.598768016,0.0009402326785802209,0.03666275872311147,0.03666985389121771
49,1001,Buahbatu,484646708.50527155,-0.1140935868024826,17018951.784428343,0.03511620214427439,0.6170630512880276,0.04304790779965042,1,45066985.32065355,0.0006037387715578021,0.017733208320293715,0.017671659926536885
49,1001,Rancasari,484646708.50527155,-0.09086664766073227,12902573.098982893,0.02662263639172647,0.3724315459177545,0.036818757744415946,1,34166620.82458875,0.0005148006256668251,0.01773153533321521,0.01766908565013729
49,1001,Gedebage,484646708.50527155,1.9062193632125854,8483102.082105381,0.01750368244172881,0.3076505223335817,0.017771578693943024,1,8483102.082105383,0.0006919870269603405,0.03658571570799971,0.03663142752292292
49,1001,Cibiru,484646708.50527155,0.714073657989502,18625473.525439303,0.03843103274730424,0.3011785550615646,0.030745078462296016,1,18625473.525439307,0.001140119192772019,0.03673977459566029,0.0367527351072259
49,1001,Panyileukan ,484646708.50527155,-0.5180609822273254,1787571.1239930692,0.003688400421631308,0.20254925398513182,0.016185109780563332,1,4733572.46821331,0.00023729988188407372,0.017756235027430203,0.01770753928699523
49,1001,Ujung Berung,484646708.50527155,0.9352943897247314,45121894.1845827,0.09310265270086304,0.7359716274890563,0.03930522939786833,1,45121894.18458271,0.001455392404557083,0.036679754956634975,0.03669279724557509
49,1001,Cinambo,484646708.50527155,-1.5759642124176025,626952.2599161454,0.0012936273968511352,0.09799511808358963,0.010825214838463043,1,1660199.0917116024,0.0001513692206008328,0.01764782218363596,0.017587130585942905
49,1001,Arcamanik,484646708.50527155,-1.5849430561065674,11521575.365358224,0.02377314271026954,0.5491097415244215,0.03461061036560519,1,30509673.829412267,0.0004785735546147811,0.017594112285192313,0.0175311276826263
49,1001,Antapani,484646708.50527155,-0.8674032688140869,10072413.510411581,0.02078300199639553,0.44990232470325303,0.03194191285145103,1,26672225.03283674,0.0004786936240951555,0.017642480911468063,0.01760225663899905
49,1001,Mandalajati,484646708.50527155,-0.6876382231712341,9353192.921283286,0.019298991940190902,0.5149103956000404,0.0320157519088792,1,24767695.062770467,0.00044228358857012685,0.017718866123601098,0.017652967726502437
49,1001,Kiaracondong,484646708.50527155,-0.463747501373291,24824709.346388903,0.05122227988084826,0.8155442787964847,0.05145879591077371,1,65736998.72202667,0.0007370516494490259,0.017577914696301416,0.017525825584261672
49,1001,Batununggal,484646708.50527155,1.9384526014328003,52569459.56841153,0.10846965149220594,0.5856945240458901,0.04840822912168033,1,52569459.56841154,0.0017798408176924374,0.036704956827843895,0.03671304642577969
49,1001,Sumur Bandung ,484646708.50527155,-1.9016653299331665,1202087.801154592,0.0024803383166720028,0.11403915424210584,0.013299153309483258,1,3183185.0736152953,0.00019865424124372661,0.017748940883422142,0.017705806664107943
49,1001,Andir,484646708.50527155,-1.748437762260437,11950294.834536262,0.02465774475471606,0.5760012509744457,0.0379838685031203,1,31644943.16144028,0.0005645156458316834,0.017758910405512734,0.017714126123457522
49,1001,Cicendo,484646708.50527155,-1.2757830619812012,10758954.112249544,0.02219958151667199,0.48371025010986746,0.036420703791059224,1,28490216.85847745,0.0005372767303652839,0.01778753702570361,0.0177400423029945
49,1001,Bandung Wetan,484646708.50527155,-1.322271466255188,590368.5040471461,0.0012181419860828881,0.09272708965654486,0.010656971596334887,1,1563323.5843592002,0.00015626924999975254,0.01767640668978405,0.017629283699505355
49,1001,Cibeunying Kidul,484646708.50527155,1.1527494192123413,45162545.30253107,0.09318653053854349,0.45704165390599893,0.04420567338628829,1,45162545.30253108,0.0016719335938604812,0.03649392258322157,0.03652332658648939
49,1001,Cibeunying Kaler,484646708.50527155,-0.33560729026794434,4874993.480369505,0.010058860185814053,0.3107851996056435,0.026974010047578337,1,12909212.17716311,0.00039049876926792234,0.017704898964100897,0.017653463370128616
49,1001,Coblong,484646708.50527155,0.046432532370090485,18979292.023557127,0.03916108722184933,0.48141708455572574,0.04469269944224713,1,45997331.64168851,0.0007007201538582743,0.018694350492157747,0.01864622738658594
49,1001,Sukajadi,484646708.50527155,-1.0816341638565063,13274187.173553208,0.027389409523677438,0.5199621022629021,0.04244081776272288,1,35150672.38403508,0.0005858139165282415,0.017771489399308567,0.017704212899996137
49,1001,Sukasari,484646708.50527155,1.221551537513733,16190186.744309522,0.033406162592628894,0.2704779255582881,0.028735271199592054,1,16190186.744309524,0.0011539728575333454,0.03655278761135551,0.036617313868573996
49,1001,Cidadap,484646708.50527155,-0.6410537362098694,2567087.5067723724,0.00529682232793798,0.1349097928568156,0.02178747804382189,1,6797768.537683745,0.00030668935838913387,0.01770513351786454,0.017645283895309123
50,1001,Bandung Kulon,445032083.3873434,0.016769567504525185,31932649.205118723,0.07175358900433577,1.0,0.05376207296763562,1,97288652.71159296,0.0007024300938030107,0.01768706069755562,0.01761201791697048
50,1001,Babakan Ciparay,445032083.3873434,-0.8251618146896362,31962646.370308317,0.07182099350461645,0.6081764493417462,0.059175284959977356,1,99188097.32326348,0.0007073022873488735,0.01763418500847077,0.017535568998785164
50,1001,Bojongloa Kaler,445032083.3873434,-0.09247707575559616,18344197.905328035,0.04121994478623187,0.8764879067929374,0.04863125577729743,1,56926640.74402585,0.0005957156761871726,0.017661047116165816,0.01756917346368909
50,1001,Bojongloa Kidul,445032083.3873434,-0.005604356527328491,9152345.592441026,0.020565586019727664,0.6519123320577374,0.03586454960127705,1,28402020.747646414,0.00043691540592524547,0.017826921548638495,0.017730882310469088
50,1001,Astanaanyar,445032083.3873434,-0.705534815788269,4771501.330368447,0.010721701891806004,0.2617474380720505,0.026827403045756145,1,14807163.73892984,0.00034246856822377165,0.01761749835681183,0.017538497513205104
50,1001,Regol,445032083.3873434,0.30209895968437195,16391721.26089607,0.03683267313253273,0.35451965025433324,0.031823759040476976,1,18326632.15949979,0.0010907204192838593,0.034541319936587205,0.03453496706957722
50,1001,Lengkong,445032083.3873434,-0.43065187335014343,4323793.878036504,0.009715690260185568,0.35476672974587486,0.027903076258403964,1,13417815.377728334,0.0003288806747370025,0.017584623388345384,0.01748289572256974
50,1001,Bandung Kidul,445032083.3873434,0.4731147885322571,11296626.598768014,0.02538384763809433,0.2351494712536673,0.024561498724671456,1,11296626.598768016,0.0009402326785802209,0.03666985389121771,0.036694690298297215
50,1001,Buahbatu,445032083.3873434,-0.11722180247306824,14522509.793542346,0.032632500746923365,0.5898741651290479,0.04242414147014721,1,45066985.32065355,0.0005151787450688703,0.017671659926536885,0.01757696292276013
50,1001,Rancasari,445032083.3873434,-0.08727661520242691,11009946.23906968,0.0247396685543836,0.3512972791928244,0.0360590706163839,1,34166620.82458875,0.0004392865801998813,0.01766908565013729,0.017575400018718903
50,1001,Gedebage,445032083.3873434,1.8935266733169556,8483102.082105381,0.019061776439884062,0.26476064624792983,0.01767563251958361,1,8483102.082105383,0.0006919870269603405,0.03663142752292292,0.036670466614423594
50,1001,Cibiru,445032083.3873434,0.7002521753311157,18625473.525439303,0.041851979263320245,0.33210913445146995,0.029159664697750352,1,18625473.525439307,0.001140119192772019,0.0367527351072259,0.03678914160269638
50,1001,Panyileukan ,445032083.3873434,-0.510750949382782,1525359.4630073055,0.0034275269580500683,0.19891546833049703,0.01577284043576991,1,4733572.46821331,0.00020249131099960146,0.01770753928699523,0.017628292178846133
50,1001,Ujung Berung,445032083.3873434,0.9404619336128235,45121894.1845827,0.10139020504126188,0.8168304032057125,0.03698259547936011,1,45121894.18458271,0.001455392404557083,0.03669279724557509,0.036734039199036284
50,1001,Cinambo,445032083.3873434,-1.5672516822814941,534987.1396337325,0.0012021316206276631,0.08985679902207469,0.010776239791943072,1,1660199.0917116024,0.0001291654748459765,0.017587130585942905,0.01749042199425943
50,1001,Arcamanik,445032083.3873434,-1.5835704803466797,9831521.541388001,0.02209171407723187,0.4414696736252723,0.03317519429141786,1,30509673.829412267,0.0004083735133548344,0.0175311276826263,0.01744351377948393
50,1001,Antapani,445032083.3873434,-0.8718249797821045,8594931.444802478,0.019313060261593976,0.45809619683857383,0.03304115194153406,1,26672225.03283674,0.0004084759703232029,0.01760225663899905,0.017514360273812226
50,1001,Mandalajati,445032083.3873434,-0.6850631833076477,7981210.448254994,0.017934011380721898,0.4482877678477305,0.02909216127327368,1,24767695.062770467,0.0003774067773321721,0.017652967726502437,0.017577777357402312
50,1001,Kiaracondong,445032083.3873434,-0.47425100207328796,21183271.98826861,0.047599426600961,0.6874109535088571,0.051239158632816174,1,65736998.72202667,0.0006289364899231691,0.017525825584261672,0.01743749653101749
50,1001,Batununggal,445032083.3873434,1.9323087930679321,52569459.56841153,0.11812510048327583,0.6788280419142627,0.04626286287507385,1,52569459.56841154,0.0017798408176924374,0.03671304642577969,0.036740251189376336
50,1001,Sumur Bandung ,445032083.3873434,-1.8961690664291382,1025758.3478753435,0.002304908760887139,0.13538081186150472,0.014213447761235632,1,3183185.0736152953,0.00016951444486906441,0.017705806664107943,0.017604885017312936
50,1001,Andir,445032083.3873434,-1.732971429824829,10197353.865768692,0.02291374992147072,0.5882520597659633,0.03870940415866635,1,31644943.16144028,0.000481709102830852,0.017714126123457522,0.017625742509890026
50,1001,Cicendo,445032083.3873434,-1.2710466384887695,9180766.150731822,0.02062944783857559,0.49590290823028754,0.03684288855694343,1,28490216.85847745,0.00045846575496566813,0.0177400423029945,0.017651089346997245
50,1001,Bandung Wetan,445032083.3873434,-1.3210678100585938,503769.70864140714,0.0011319851476931386,0.08292244829452014,0.010442686506157994,1,1563323.5843592002,0.0001333467385240114,0.017629283699505355,0.01755012407391118
50,1001,Cibeunying Kidul,445032083.3873434,1.151460886001587,45162545.30253107,0.10148154928242076,0.4874536845019834,0.045324002604902595,1,45162545.30253108,0.0016719335938604812,0.03652332658648939,0.036527546315570134
50,1001,Cibeunying Kaler,445032083.3873434,-0.32393878698349,4159900.1782764173,0.009347416362913676,0.32425056585674994,0.025860727704145138,1,12909212.17716311,0.00033321806612369585,0.017653463370128616,0.01757635833781253
50,1001,Coblong,445032083.3873434,0.06086765229701996,16935072.09426902,0.03805359821559024,0.5326998261135557,0.042974859234711435,1,45997331.64168851,0.0006252470486658896,0.01864622738658594,0.018578963165465104
50,1001,Sukajadi,445032083.3873434,-1.072121262550354,11327049.730854843,0.025452209298348717,0.5029942123801837,0.0393519082261412,1,35150672.38403508,0.0004998832153551779,0.017704212899996137,0.017622011269335797
50,1001,Sukasari,445032083.3873434,1.2187600135803223,16190186.744309522,0.03637981922803988,0.24782829332767517,0.03148073833720773,1,16190186.744309524,0.0011539728575333454,0.036617313868573996,0.036615904186596056
50,1001,Cidadap,445032083.3873434,-0.6406372785568237,2190531.7043140214,0.004922188278294184,0.13363245789931544,0.021314135190767372,1,6797768.537683745,0.00026170232263402697,0.017645283895309123,0.017554447185375254
51,1001,Bandung Kulon,439850538.6836333,0.014389367774128914,31157191.087096963,0.07083585979078923,0.9161186887743652,0.057218385964961434,1,97288652.71159296,0.0006853721567968003,0.01761201791697048,0.017518791611369888
51,1001,Babakan Ciparay,439850538.6836333,-0.8312584161758423,31256331.63661098,0.07106125578509839,0.8268522353266383,0.059620425806265344,1,99188097.32326348,0.000691672229031912,0.017535568998785164,0.017435911034696317
51,1001,Bojongloa Kaler,439850538.6836333,-0.08404817432165146,17938825.424330056,0.04078391145777981,0.8248990759748931,0.04882415893613661,1,56926640.74402585,0.0005825514733764711,0.01756917346368909,0.017476971047573068
51,1001,Bojongloa Kidul,439850538.6836333,-0.02028603106737137,8950095.864275962,0.020348038883984187,0.7236787245342436,0.03527980343407013,1,28402020.747646414,0.0004272603922255343,0.017730882310469088,0.017640582092224223
51,1001,Astanaanyar,439850538.6836333,-0.6929552555084229,4666060.070829112,0.010608285452584656,0.26208516151494715,0.02914068721379879,1,14807163.73892984,0.0003349006530780037,0.017538497513205104,0.017435978646742095
51,1001,Regol,439850538.6836333,0.3091737926006317,16505703.466022337,0.03752570933622119,0.34919927608248436,0.030713808597407567,1,18326632.15949979,0.0010983049015104332,0.03453496706957722,0.03455679808931408
51,1001,Lengkong,439850538.6836333,-0.43257641792297363,4228246.116247778,0.0096129156256166,0.28598670893151934,0.026466798752469788,1,13417815.377728334,0.0003216130266360352,0.01748289572256974,0.01739773074875546
51,1001,Bandung Kidul,439850538.6836333,0.4833710491657257,11296626.598768014,0.02568287544349973,0.21586258635883773,0.02518106691160369,1,11296626.598768016,0.0009402326785802209,0.036694690298297215,0.036708263850330776
51,1001,Buahbatu,439850538.6836333,-0.09431406855583191,14201589.47553728,0.03228730722494785,0.5570775013495809,0.03973432612629764,1,45066985.32065355,0.0005037942578798535,0.01757696292276013,0.01750163492151137
51,1001,Rancasari,439850538.6836333,-0.0808740109205246,10766647.009219475,0.024477967087278,0.4279455818705021,0.03454694734991627,1,34166620.82458875,0.00042957916798138236,0.017575400018718903,0.017494752475385143
51,1001,Gedebage,439850538.6836333,1.8779258728027344,8483102.082105381,0.01928632873223996,0.27707745122492156,0.01807976422484367,1,8483102.082105383,0.0006919870269603405,0.036670466614423594,0.03669942399906572
51,1001,Cibiru,439850538.6836333,0.7056519985198975,18625473.525439303,0.04234500560390549,0.4141375188061646,0.03100784113069223,1,18625473.525439307,0.001140119192772019,0.03678914160269638,0.03679160087402707
51,1001,Panyileukan ,439850538.6836333,-0.5051570534706116,1491651.8703873293,0.0033912698500983625,0.22020262044986544,0.016193855210767296,1,4733572.46821331,0.00019801663156449785,0.017628292178846133,0.017541846201473206
51,1001,Ujung Berung,439850538.6836333,0.9472953081130981,45121894.1845827,0.10258460594278607,0.9160703691138952,0.03709079396686673,1,45121894.18458271,0.001455392404557083,0.036734039199036284,0.036776801634803395
51,1001,Cinambo,439850538.6836333,-1.5549867153167725,523164.92395471665,0.001189415217088112,0.0838756074497369,0.010970560109703993,1,1660199.0917116024,0.00012631115931428525,0.01749042199425943,0.017389542962052872
51,1001,Arcamanik,439850538.6836333,-1.5894770622253418,9614263.29440518,0.021858023234843253,0.3976957710253199,0.032971552303536246,1,30509673.829412267,0.0003993492221246123,0.01744351377948393,0.017358257077138
51,1001,Antapani,439850538.6836333,-0.8687840700149536,8404999.527268205,0.019108762609277102,0.47665229589204383,0.03354458446920054,1,26672225.03283674,0.0003994494149855132,0.017514360273812226,0.017422774471982993
51,1001,Mandalajati,439850538.6836333,-0.6754691004753113,7804840.617452174,0.017744301600289458,0.44072532697623756,0.03163228745585453,1,24767695.062770467,0.0003690667930787227,0.017577777357402312,0.017478849579015528
51,1001,Kiaracondong,439850538.6836333,-0.46792277693748474,20715161.27741298,0.047095909759275204,0.7294990029214654,0.050321056749839395,1,65736998.72202667,0.0006150381692320112,0.01743749653101749,0.017354896481349136
51,1001,Batununggal,439850538.6836333,1.914833426475525,52569459.56841152,0.11951664246163991,0.7063355704738024,0.0447683667838773,1,52569459.56841154,0.0017798408176924372,0.036740251189376336,0.0367905424873266
51,1001,Sumur Bandung ,439850538.6836333,-1.8965390920639038,1003091.0059436559,0.002280526946597964,0.13602790606745482,0.013770065603462622,1,3183185.0736152953,0.00016576849252837307,0.017604885017312936,0.01751447579509146
51,1001,Andir,439850538.6836333,-1.710317850112915,9972011.408305323,0.02267136340937344,0.5753031353241101,0.04004868080703115,1,31644943.16144028,0.00047106423216702545,0.017625742509890026,0.01752813137707237
51,1001,Cicendo,439850538.6836333,-1.2511810064315796,8977888.381358026,0.020411225158952134,0.48575475197545565,0.03857103034579519,1,28490216.85847745,0.0004483345188384639,0.017651089346997245,0.017549391489625924
51,1001,Bandung Wetan,439850538.6836333,-1.3211898803710938,492637.33982934343,0.0011200107684389527,0.07536486615063465,0.010638237542388237,1,1563323.5843592002,0.000130400024881505,0.01755012407391118,0.017465997161568613
51,1001,Cibeunying Kidul,439850538.6836333,1.142058253288269,45162545.30253107,0.1026770262409856,0.42348588064478987,0.045481252074887235,1,45162545.30253108,0.0016719335938604812,0.036527546315570134,0.036534279121003266
51,1001,Cibeunying Kaler,439850538.6836333,-0.30715668201446533,4067974.160868915,0.00924853740782808,0.27213118675894965,0.026466722815979178,1,12909212.17716311,0.0003258545697814175,0.01757635833781253,0.01749292416593937
51,1001,Coblong,439850538.6836333,0.05616246908903122,16444008.564862803,0.03738544600644519,0.3825465277494702,0.045035196701065004,1,45997331.64168851,0.0006071168617520355,0.018578963165465104,0.018495362690737743
51,1001,Sukajadi,439850538.6836333,-1.0763130187988281,11076743.1066306,0.02518297042395497,0.5132560020008787,0.04018242095309713,1,35150672.38403508,0.0004888367307793155,0.017622011269335797,0.017534242051861788
51,1001,Sukasari,439850538.6836333,1.2287014722824097,16190186.74430952,0.036808382212655345,0.24013628348094604,0.02983451774911599,1,16190186.744309524,0.0011539728575333452,0.036615904186596056,0.03665195863077204
51,1001,Cidadap,439850538.6836333,-0.6345661282539368,2142125.0486365557,0.00487012032552562,0.11773130173356938,0.021149057814868092,1,6797768.537683745,0.00025591919053108143,0.017554447185375254,0.017466591003420733
52,1001,Bandung Kulon,482452450.001261,-0.0005495753139257431,36320882.96086113,0.07528386053540861,1.0,0.054900748177566114,1,97288652.71159296,0.0007989591174012648,0.017518791611369888,0.017472462993490652
52,1001,Babakan Ciparay,482452450.001261,-0.8194900751113892,37030004.77011919,0.07675368789198272,0.8279297351082753,0.060042713859687895,1,99188097.32326348,0.0008194380018162543,0.017435911034696317,0.01737279023238742
52,1001,Bojongloa Kaler,482452450.001261,-0.11471850425004959,21252487.29621242,0.044050946981732335,0.7787145519307842,0.04958846469210674,1,56926640.74402585,0.0006901604477699883,0.017476971047573068,0.017418709427711364
52,1001,Bojongloa Kidul,482452450.001261,0.02254825085401535,11393576.482939076,0.023615957350634858,0.6400602560958637,0.0346047325197053,1,28402020.747646414,0.0005439074654365149,0.017640582092224223,0.0176110031023786
52,1001,Astanaanyar,482452450.001261,-0.6936619281768799,5527975.217606154,0.011458072640302077,0.3281770146299274,0.026657398941759832,1,14807163.73892984,0.0003967635397900823,0.017435978646742095,0.01739714586850488
52,1001,Regol,482452450.001261,0.31154707074165344,17760268.987455525,0.03681247548314679,0.38017001695055513,0.03249003494364622,1,18326632.15949979,0.0011817848612887315,0.03455679808931408,0.034588120549369
52,1001,Lengkong,482452450.001261,-0.4227961599826813,5009288.219558631,0.010382967729867552,0.3268225691493485,0.025916012431409022,1,13417815.377728334,0.0003810214214810571,0.01739773074875546,0.017356268289145667
52,1001,Bandung Kidul,482452450.001261,0.4656902551651001,11296626.598768016,0.023415005144524586,0.21159757271773244,0.023363339558558,1,11296626.598768016,0.000940232678580221,0.036708263850330776,0.03676389802393979
52,1001,Buahbatu,482452450.001261,-0.09124856442213058,16824908.698064987,0.0348737138717422,0.5399912618743437,0.040867743364077,1,45066985.32065355,0.0005968551904727739,0.01750163492151137,0.017456470019610044
52,1001,Rancasari,482452450.001261,-0.09909392893314362,12755463.268843636,0.02643879882630982,0.5322094695649857,0.036918269933254526,1,34166620.82458875,0.0005089310807305984,0.017494752475385143,0.01743336807561548
52,1001,Gedebage,482452450.001261,1.880479335784912,8483102.082105383,0.017583291539058847,0.2818056262859464,0.018066492121265165,1,8483102.082105383,0.0006919870269603406,0.03669942399906572,0.036726681725492274
52,1001,Cibiru,482452450.001261,0.7093193531036377,18625473.525439307,0.03860582224298089,0.3289569063797566,0.030448214965997186,1,18625473.525439307,0.0011401191927720193,0.03679160087402707,0.036803859848847424
52,1001,Panyileukan ,482452450.001261,-0.5088233351707458,1767189.973474093,0.0036629308721915998,0.20049683262196102,0.01615235052985803,1,4733572.46821331,0.00023459428625998972,0.017541846201473206,0.017494405195197918
52,1001,Ujung Berung,482452450.001261,0.9356532692909241,45121894.18458271,0.09352609606286541,0.87197077755227,0.037667569335503935,1,45121894.18458271,0.0014553924045570832,0.036776801634803395,0.03680803482097734
52,1001,Cinambo,482452450.001261,-1.5619875192642212,619804.0081872744,0.0012846944982570913,0.08219791036845721,0.010358043311105375,1,1660199.0917116024,0.00014964337102338257,0.017389542962052872,0.01734345563358674
52,1001,Arcamanik,482452450.001261,-1.5795302391052246,11390211.103212086,0.02360898178293491,0.3764771420155723,0.033977467351411224,1,30509673.829412267,0.0004731170558382642,0.017358257077138,0.01730246969235791
52,1001,Antapani,482452450.001261,-0.868768572807312,9957571.99552601,0.020639488918545203,0.5345494040915922,0.034114741624216606,1,26672225.03283674,0.0004732357563358219,0.017422774471982993,0.017364637291603525
52,1001,Mandalajati,482452450.001261,-0.6654636859893799,9246551.663655523,0.01916572641227411,0.46132817523294495,0.03178909097049936,1,24767695.062770467,0.00043724085305614935,0.017478849579015528,0.017417132242571996
52,1001,Kiaracondong,482452450.001261,-0.46103885769844055,24541668.223723873,0.050868574143751843,0.6624344282279024,0.05320143077936394,1,65736998.72202667,0.0007286480897774396,0.017354896481349136,0.017294443137086724
52,1001,Batununggal,482452450.001261,1.9090797901153564,52569459.56841154,0.10896298602748133,0.690471734843173,0.04461094292656843,1,52569459.56841154,0.0017798408176924376,0.0367905424873266,0.03684012077984638
52,1001,Sumur Bandung ,482452450.001261,-1.8730835914611816,1188382.0906049449,0.002463210810934505,0.13769765605503023,0.01357276301855148,1,3183185.0736152953,0.00019638926731475805,0.01751447579509146,0.01746649782194835
52,1001,Andir,482452450.001261,-1.7254393100738525,11814042.489384947,0.024487475375768262,0.5276875937975368,0.037114635857916786,1,31644943.16144028,0.0005580792706891315,0.01752813137707237,0.017490424927359395
52,1001,Cicendo,482452450.001261,-1.2495982646942139,10636284.943876155,0.022046286517662734,0.5215983173950409,0.036534047173986166,1,28490216.85847745,0.0005311509221303326,0.017549391489625924,0.017502091367598463
52,1001,Bandung Wetan,482452450.001261,-1.293177843093872,583637.3652515217,0.0012097303376736842,0.05313216183547891,0.010689578589885295,1,1563323.5843592002,0.00015448753230305024,0.017465997161568613,0.017418590941760983
52,1001,Cibeunying Kidul,482452450.001261,1.1353282928466797,45162545.30253108,0.09361035538821087,0.4978895044166287,0.04379318583536469,1,45162545.30253108,0.0016719335938604816,0.036534279121003266,0.036562153866847295
52,1001,Cibeunying Kaler,482452450.001261,-0.3301340341567993,4819410.810360553,0.009989400634918438,0.24392617664654764,0.026588644528082503,1,12909212.17716311,0.00038604646295848386,0.01749292416593937,0.01744630122912873
52,1001,Coblong,482452450.001261,0.04938293248414993,18902892.442408703,0.039180840396518445,0.4646868757314181,0.045648344875105246,1,45997331.64168851,0.0006978994624336107,0.018495362690737743,0.0184428241680363
52,1001,Sukajadi,482452450.001261,-1.0466941595077515,13122840.352623973,0.027200277151851283,0.5345788773480064,0.040662216095913396,1,35150672.38403508,0.0005791347072656739,0.017534242051861788,0.017481453237585
52,1001,Sukasari,482452450.001261,1.2079483270645142,16190186.744309524,0.03355809830433488,0.2274149634026967,0.02992835737036217,1,16190186.744309524,0.0011539728575333454,0.03665195863077204,0.03668384652828465
52,1001,Cidadap,482452450.001261,-0.6372986435890198,2537818.631163083,0.005260246126134192,0.12244187100041869,0.022169563212281952,1,6797768.537683745,0.00030319261250193565,0.017466591003420733,0.017403454895656513
